HerdID,Chaps_ID,CalfID,birth_date,breed,registration,regname,elecid,sire_chapsID,SireID,Cow_chapsID,CowID,CowAge,sex,birthwt,calvingease,state,sex_date
H38,1,0001A,1990-03-06,AN,,,,20177,ANGS,-2,Unknown,2,2,53,,,
H38,2,0005A,1990-03-12,AN,,,,20177,ANGS,-2,Unknown,2,2,70,,,
H38,3,0006A,1990-03-15,CH,,,,20196,C109,-2,Unknown,8,2,102,,,
H38,4,0007A,1990-03-15,CH,,,,20196,C109,-2,Unknown,9,2,80,,,
H38,5,0009A,1990-03-17,CH,,,,20152,8060,-2,Unknown,8,2,84,,,
H38,6,0010A,1990-03-18,CH,,,,20201,C525,-2,Unknown,6,2,90,,,
H38,7,0011A,1990-03-18,CH,,,,20196,C109,-2,Unknown,6,2,110,,,
H38,8,0012A,1990-03-18,CH,,,,20204,C718,-2,Unknown,3,2,122,,,
H38,9,0013A,1990-03-20,CH,,,,20201,C525,-2,Unknown,7,2,82,,,
H38,10,0015A,1990-03-21,CH,,,,20196,C109,-2,Unknown,8,2,80,,,
H38,11,0019A,1990-03-23,CH,,,,20201,C525,-2,Unknown,8,2,104,,,
H38,12,0022A,1990-03-26,CH,,,,20201,C525,-2,Unknown,8,2,70,,,
H38,13,0023A,1990-03-27,CH,,,,20201,C525,-2,Unknown,7,2,90,,,
H38,14,0024A,1990-03-28,CH,,,,20196,C109,-2,Unknown,8,2,100,,,
H38,15,0027A,1990-03-30,CH,,,,20200,C406,-2,Unknown,3,2,96,,,
H38,16,0030A,1990-03-31,CH,,,,20200,C406,-2,Unknown,5,2,89,,,
H38,17,0032A,1990-04-02,CH,,,,20200,C406,-2,Unknown,6,2,68,,,
H38,18,0033A,1990-04-06,CH,,,,20150,8018,-2,Unknown,5,2,80,,,
H38,19,0034A,1990-04-08,CH,,,,20197,C119,-2,Unknown,11,2,76,,,
H38,20,0035A,1990-04-08,CH,,,,20150,8018,-2,Unknown,7,2,102,,,
H38,21,0038A,1990-04-13,CH,,,,20198,C133,-2,Unknown,5,2,100,,,
H38,22,0039A,1990-04-14,CH,,,,20201,C525,-2,Unknown,8,2,82,,,
H38,23,0040A,1990-04-15,CH,,,,20196,C109,-2,Unknown,8,2,100,,,
H38,24,0042A,1990-04-25,CH,,,,20201,C525,-2,Unknown,9,2,84,,,
H38,25,0043A,1990-04-26,CH,,,,20201,C525,-2,Unknown,6,2,57,,,
H38,26,0501,1990-02-28,CH,,,,20150,8018,-2,Unknown,5,2,70,,,
H38,27,0502,1990-03-01,CH,,,,20150,8018,-2,Unknown,6,2,97,,,
H38,28,0504,1990-03-07,CH,,,,20150,8018,-2,Unknown,4,2,81,,,
H38,29,0505,1990-03-10,CH,,,,20196,C109,-2,Unknown,5,2,75,,,
H38,30,0506,1990-03-10,CH,,,,20210,CH13,-2,Unknown,7,2,85,,,
H38,31,0507,1990-03-10,CH,,,,20210,CH13,-2,Unknown,7,2,93,,,
H38,32,0508,1990-03-10,CH,,,,20205,C773,-2,Unknown,6,2,78,,,
H38,33,0509,1990-03-12,CH,,,,20205,C773,-2,Unknown,7,2,86,,,
H38,34,0510,1990-03-12,CH,,,,20152,8060,-2,Unknown,9,2,75,,,
H38,35,0511,1990-03-13,CH,,,,20198,C133,-2,Unknown,7,2,87,,,
H38,36,0512,1990-03-13,CH,,,,20210,CH13,-2,Unknown,6,2,97,,,
H38,37,0513,1990-03-15,CH,,,,20204,C718,-2,Unknown,4,2,84,,,
H38,38,0514,1990-03-14,CH,,,,20197,C119,-2,Unknown,4,2,80,,,
H38,39,0515,1990-03-15,CH,,,,20202,C613,-2,Unknown,6,2,72,,,
H38,40,0516,1990-03-16,CH,,,,20204,C718,-2,Unknown,5,2,90,,,
H38,41,0517,1990-03-15,CH,,,,20150,8018,-2,Unknown,4,2,84,,,
H38,42,0518,1990-03-16,CH,,,,20210,CH13,-2,Unknown,8,2,90,,,
H38,43,0519,1990-03-16,CH,,,,20210,CH13,-2,Unknown,6,2,115,,,
H38,44,0521,1990-03-18,CH,,,,20204,C718,-2,Unknown,4,2,97,,,
H38,45,0522,1990-03-19,CH,,,,20200,C406,-2,Unknown,9,2,79,,,
H38,46,0523,1990-03-19,CH,,,,20209,CH11,-2,Unknown,5,2,72,,,
H38,47,0524,1990-03-19,CH,,,,20209,CH11,-2,Unknown,7,2,66,,,
H38,48,0525,1990-03-22,CH,,,,20197,C119,-2,Unknown,4,2,88,,,
H38,49,0526,1990-03-23,CH,,,,20203,C710,-2,Unknown,8,2,92,,,
H38,50,0527,1990-03-23,CH,,,,20205,C773,-2,Unknown,7,2,100,,,
H38,51,0528,1990-03-23,CH,,,,20204,C718,-2,Unknown,5,2,115,,,
H38,52,0529,1990-03-24,CH,,,,20200,C406,-2,Unknown,9,2,70,,,
H38,53,0530,1990-03-23,CH,,,,20205,C773,-2,Unknown,6,2,92,,,
H38,54,0532,1990-03-26,CH,,,,20205,C773,-2,Unknown,6,2,93,,,
H38,55,0533,1990-03-26,CH,,,,20201,C525,-2,Unknown,4,2,97,,,
H38,56,0534,1990-03-26,CH,,,,20150,8018,-2,Unknown,4,2,81,,,
H38,57,0536,1990-03-28,CH,,,,20203,C710,-2,Unknown,5,2,70,,,
H38,58,0537,1990-03-30,CH,,,,20210,CH13,-2,Unknown,6,2,87,,,
H38,59,0538,1990-03-30,CH,,,,20204,C718,-2,Unknown,7,2,87,,,
H38,60,0539,1990-03-30,CH,,,,20152,8060,-2,Unknown,5,2,88,,,
H38,61,0540,1990-03-31,CH,,,,20203,C710,-2,Unknown,7,2,84,,,
H38,62,0541,1990-03-31,CH,,,,20197,C119,-2,Unknown,6,2,78,,,
H38,63,0542,1990-03-31,CH,,,,20197,C119,-2,Unknown,9,2,88,,,
H38,64,0543,1990-03-31,CH,,,,20204,C718,-2,Unknown,7,2,110,,,
H38,65,0544,1990-04-02,CH,,,,20200,C406,-2,Unknown,4,2,82,,,
H38,66,0545,1990-04-06,CH,,,,20197,C119,-2,Unknown,4,2,81,,,
H38,67,0546,1990-04-06,CH,,,,20198,C133,-2,Unknown,6,2,82,,,
H38,68,0547,1990-04-06,CH,,,,20210,CH13,-2,Unknown,6,2,108,,,
H38,69,0548,1990-04-08,CH,,,,20205,C773,-2,Unknown,7,2,95,,,
H38,70,0549,1990-04-08,CH,,,,20210,CH13,-2,Unknown,7,2,82,,,
H38,71,0550,1990-04-12,CH,,,,20204,C718,-2,Unknown,8,2,85,,,
H38,72,0551,1990-04-21,CH,,,,20197,C119,-2,Unknown,4,2,95,,,
H38,73,0552,1990-05-01,CH,,,,20197,C119,-2,Unknown,7,2,69,,,
H38,74,3001,1993-01-25,LM,,,,20429,UNKNLM,-2,Unknown,2,2,77,,,
H38,75,3003,1993-01-28,LM,,,,20429,UNKNLM,-2,Unknown,2,2,82,,,
H38,76,3008,1993-01-30,LM,,,,20429,UNKNLM,-2,Unknown,2,2,87,,,
H38,77,3011,1993-02-02,CH,,,,20426,UNKNCH,-2,Unknown,2,2,65,,,
H38,78,3015,1993-02-03,CH,,,,20426,UNKNCH,-2,Unknown,2,2,65,,,
H38,79,3016,1993-02-03,LM,,,,20429,UNKNLM,-2,Unknown,2,2,85,,,
H38,80,3024,1993-02-06,LM,,,,20429,UNKNLM,-2,Unknown,2,2,70,,,
H38,81,3035,1993-02-11,AN,,,,20175,AN74,-2,Unknown,2,2,70,,,
H38,82,3036,1993-02-11,LM,,,,20429,UNKNLM,-2,Unknown,2,2,92,,,
H38,83,3041,1993-02-13,AN,,,,20175,AN74,-2,Unknown,2,2,80,,,
H38,84,3044,1993-02-13,AN,,,,20175,AN74,-2,Unknown,2,2,70,,,
H38,85,3052,1993-02-15,AN,,,,20175,AN74,-2,Unknown,2,2,72,,,
H38,86,3059,1993-02-16,AN,,,,20175,AN74,-2,Unknown,2,2,82,,,
H38,87,3081,1993-03-01,AN,,,,20172,AN20,-2,Unknown,2,2,68,,,
H38,88,3087,1993-03-06,AN,,,,20168,A114,-2,Unknown,9,2,84,,,
H38,89,3088,1993-03-07,AN,,,,20172,AN20,-2,Unknown,2,2,74,,,
H38,90,3089,1993-03-07,AN,,,,20168,A114,-2,Unknown,9,2,98,,,
H38,91,3092,1993-03-10,CH,,,,20157,919,-2,Unknown,12,2,74,,,
H38,92,3093,1993-03-10,CH,,,,20157,919,-2,Unknown,7,2,72,,,
H38,93,3094,1993-03-11,CH,,,,20131,710,-2,Unknown,10,2,66,,,
H38,94,3096,1993-03-11,CH,,,,20426,UNKNCH,-2,Unknown,15,2,82,,,
H38,95,3098,1993-03-11,CH,,,,20170,A136,-2,Unknown,11,2,78,,,
H38,96,3107,1993-03-12,AN,,,,20168,A114,-2,Unknown,9,2,96,,,
H38,97,3109,1993-03-12,CH,,,,20150,8018,-2,Unknown,9,2,76,,,
H38,98,3114,1993-03-14,CH,,,,20162,937,-2,Unknown,7,2,96,,,
H38,99,3115,1993-03-14,CH,,,,20157,919,-2,Unknown,9,2,66,,,
H38,100,3118,1993-03-14,CH,,,,20150,8018,-2,Unknown,7,2,90,,,
H38,101,3120,1993-03-14,CH,,,,20000,0133,-2,Unknown,8,2,86,,,
H38,102,3123,1993-03-15,CH,,,,20152,8060,-2,Unknown,9,2,84,,,
H38,103,3128,1993-03-16,CH,,,,20131,710,-2,Unknown,7,2,94,,,
H38,104,3129,1993-03-16,CH,,,,20131,710,-2,Unknown,10,2,94,,,
H38,105,3130,1993-03-16,CH,,,,20169,A118,-2,Unknown,10,2,72,,,
H38,106,3131,1993-03-17,CH,,,,20170,A136,-2,Unknown,8,2,96,,,
H38,107,3132,1993-03-17,CH,,,,20165,958,-2,Unknown,9,2,76,,,
H38,108,3133,1993-03-18,CH,,,,20000,0133,-2,Unknown,9,2,72,,,
H38,109,3139,1993-03-17,CH,,,,20131,710,-2,Unknown,4,2,74,,,
H38,110,3140,1993-03-18,CH,,,,20131,710,-2,Unknown,9,2,90,,,
H38,111,3141,1993-03-18,CH,,,,20165,958,-2,Unknown,9,2,96,,,
H38,112,3142,1993-03-18,CH,,,,20155,9136,-2,Unknown,10,2,86,,,
H38,113,3143,1993-03-18,CH,,,,20131,710,-2,Unknown,10,2,128,,,
H38,114,3146,1993-03-19,CH,,,,20170,A136,-2,Unknown,7,2,85,,,
H38,115,3147,1993-03-20,CH,,,,20155,9136,-2,Unknown,8,2,93,,,
H38,116,3148,1993-03-19,CH,,,,20131,710,-2,Unknown,14,2,89,,,
H38,117,3152,1993-03-20,CH,,,,20169,A118,-2,Unknown,11,2,85,,,
H38,118,3153,1993-03-21,CH,,,,20104,41,-2,Unknown,10,2,86,,,
H38,119,3154,1993-03-21,CH,,,,20157,919,-2,Unknown,7,2,88,,,
H38,120,3155,1993-03-21,CH,,,,20131,710,-2,Unknown,5,2,85,,,
H38,121,3157,1993-03-22,CH,,,,20157,919,-2,Unknown,7,2,95,,,
H38,122,3161,1993-03-22,CH,,,,20426,UNKNCH,-2,Unknown,13,2,88,,,
H38,123,3167,1993-03-19,AN,,,,20173,AN22,-2,Unknown,2,2,80,,,
H38,124,3170,1993-03-24,CH,,,,20131,710,-2,Unknown,10,2,72,,,
H38,125,3175,1993-03-25,CH,,,,20165,958,-2,Unknown,12,2,92,,,
H38,126,3176,1993-03-25,CH,,,,20157,919,-2,Unknown,7,2,68,,,
H38,127,3179,1993-03-26,CH,,,,20170,A136,-2,Unknown,10,2,89,,,
H38,128,3181,1993-03-26,CH,,,,20170,A136,-2,Unknown,8,2,79,,,
H38,129,3182,1993-03-26,CH,,,,20114,525,-2,Unknown,6,2,92,,,
H38,130,3183,1993-03-23,AN,,,,20173,AN22,-2,Unknown,2,2,70,,,
H38,131,3184,1993-03-26,CH,,,,20162,937,-2,Unknown,3,2,80,,,
H38,132,3186,1993-03-27,CH,,,,20170,A136,-2,Unknown,14,2,88,,,
H38,133,3187,1993-03-27,CH,,,,20152,8060,-2,Unknown,7,2,76,,,
H38,134,3188,1993-03-27,CH,,,,20114,525,-2,Unknown,4,2,96,,,
H38,135,3190,1993-03-28,CH,,,,20155,9136,-2,Unknown,12,2,80,,,
H38,136,3191,1993-03-27,CH,,,,20131,710,-2,Unknown,13,2,68,,,
H38,137,3192,1993-03-28,CH,,,,20131,710,-2,Unknown,9,2,85,,,
H38,138,3194,1993-03-28,CH,,,,20157,919,-2,Unknown,7,2,95,,,
H38,139,3198,1993-03-29,CH,,,,20169,A118,-2,Unknown,7,2,90,,,
H38,140,3202,1993-03-29,CH,,,,20162,937,-2,Unknown,3,2,84,,,
H38,141,3207,1993-03-30,CH,,,,20162,937,-2,Unknown,3,2,80,,,
H38,142,3213,1993-03-30,CH,,,,20150,8018,-2,Unknown,5,2,82,,,
H38,143,3214,1993-03-30,CH,,,,20169,A118,-2,Unknown,7,2,95,,,
H38,144,3217,1993-03-30,CH,,,,20162,937,-2,Unknown,12,2,98,,,
H38,145,3219,1993-03-31,CH,,,,20152,8060,-2,Unknown,7,2,66,,,
H38,146,3220,1993-03-31,CH,,,,20169,A118,-2,Unknown,10,2,92,,,
H38,147,3221,1993-03-30,CH,,,,20170,A136,-2,Unknown,8,2,60,,,
H38,148,3227,1993-04-01,CH,,,,20162,937,-2,Unknown,11,2,100,,,
H38,149,3230,1993-04-01,CH,,,,20000,0133,-2,Unknown,7,2,80,,,
H38,150,3231,1993-04-02,CH,,,,20157,919,-2,Unknown,11,2,78,,,
H38,151,3233,1993-04-02,CH,,,,20169,A118,-2,Unknown,5,2,90,,,
H38,152,3234,1993-04-01,CH,,,,20155,9136,-2,Unknown,9,2,108,,,
H38,153,3239,1993-04-02,CH,,,,20170,A136,-2,Unknown,12,2,80,,,
H38,154,3241,1993-03-31,CH,,,,20162,937,-2,Unknown,3,2,92,,,
H38,155,3243,1993-04-02,CH,,,,20162,937,-2,Unknown,4,2,100,,,
H38,156,3247,1993-04-06,CH,,,,20162,937,-2,Unknown,3,2,72,,,
H38,157,3251,1993-04-03,CH,,,,20157,919,-2,Unknown,8,2,80,,,
H38,158,3253,1993-04-03,CH,,,,20104,41,-2,Unknown,8,2,100,,,
H38,159,3255,1993-04-03,CH,,,,20157,919,-2,Unknown,12,2,70,,,
H38,160,3262,1993-04-03,CH,,,,20157,919,-2,Unknown,7,2,95,,,
H38,161,3266,1993-04-05,CH,,,,20131,710,-2,Unknown,8,2,82,,,
H38,162,3269,1993-04-06,CH,,,,20131,710,-2,Unknown,10,2,88,,,
H38,163,3270,1993-04-06,CH,,,,20165,958,-2,Unknown,7,2,88,,,
H38,164,3272,1993-04-06,CH,,,,20155,9136,-2,Unknown,4,2,82,,,
H38,165,3273,1993-04-07,CH,,,,20131,710,-2,Unknown,8,2,80,,,
H38,166,3274,1993-04-07,CH,,,,20169,A118,-2,Unknown,12,2,91,,,
H38,167,3277,1993-04-16,CH,,,,20162,937,-2,Unknown,10,2,82,,,
H38,168,3280,1993-04-07,CH,,,,20170,A136,-2,Unknown,9,2,90,,,
H38,169,3281,1993-04-07,CH,,,,20150,8018,-2,Unknown,7,2,76,,,
H38,170,3284,1993-04-08,CH,,,,20165,958,-2,Unknown,8,2,84,,,
H38,171,3285,1993-04-08,CH,,,,20157,919,-2,Unknown,8,2,94,,,
H38,172,3286,1993-04-08,CH,,,,20169,A118,-2,Unknown,7,2,70,,,
H38,173,3287,1993-04-08,CH,,,,20150,8018,-2,Unknown,7,2,110,,,
H38,174,3291,1993-04-09,CH,,,,20165,958,-2,Unknown,4,2,72,,,
H38,175,3295,1993-04-11,CH,,,,20152,8060,-2,Unknown,12,2,78,,,
H38,176,3296,1993-04-11,CH,,,,20157,919,-2,Unknown,7,2,81,,,
H38,177,3299,1993-04-12,CH,,,,20131,710,-2,Unknown,7,2,99,,,
H38,178,3304,1993-04-15,CH,,,,20152,8060,-2,Unknown,4,2,90,,,
H38,179,3305,1993-04-16,CH,,,,20169,A118,-2,Unknown,11,2,82,,,
H38,180,3308,1993-04-18,CH,,,,20131,710,-2,Unknown,9,2,91,,,
H38,181,3310,1993-04-18,CH,,,,20162,937,-2,Unknown,3,2,88,,,
H38,182,3311,1993-04-18,CH,,,,20162,937,-2,Unknown,9,2,98,,,
H38,183,3315,1993-04-20,CH,,,,20165,958,-2,Unknown,10,2,90,,,
H38,184,3318,1993-04-21,CH,,,,20104,41,-2,Unknown,8,2,94,,,
H38,185,3319,1993-04-22,CH,,,,20114,525,-2,Unknown,8,2,82,,,
H38,186,3320,1993-04-22,CH,,,,20155,9136,-2,Unknown,8,2,79,,,
H38,187,3322,1993-04-23,CH,,,,20131,710,-2,Unknown,7,2,100,,,
H38,188,3324,1993-04-24,CH,,,,20150,8018,-2,Unknown,7,2,99,,,
H38,189,3325,1993-04-28,CH,,,,20114,525,-2,Unknown,10,2,114,,,
H38,190,3326,1993-04-29,CH,,,,20000,0133,-2,Unknown,9,2,112,,,
H38,191,3330,1993-05-03,CH,,,,20150,8018,-2,Unknown,7,2,65,,,
H38,192,3331,1993-05-03,CH,,,,20170,A136,-2,Unknown,9,2,108,,,
H38,193,3337,1993-05-14,CH,,,,20114,525,-2,Unknown,12,2,69,,,
H38,194,3338,1993-05-17,CH,,,,20426,UNKNCH,-2,Unknown,4,2,89,,,
H38,195,A3001,2013-04-28,LO,,,,20430,UNKNLO,10210,Y1230,2,3,50,1,,
H38,196,A3002,2013-04-29,LOLOARAN,,,,20430,UNKNLO,10198,Y1008,2,2,35,1,,
H38,197,A3003,2013-04-30,LOLOANAN,,,,20430,UNKNLO,10208,Y1209,2,3,48,1,,
H38,198,A3004,2013-05-01,LOLOARAN,,,,20430,UNKNLO,10203,Y1054,2,2,45,1,,
H38,199,A3005,2013-05-03,ARLOANAN,,,,20437,V131,10184,X0262,3,3,60,1,,
H38,200,A3006,2013-05-03,ARLOANAN,,,,20437,V131,10196,X0298,3,2,60,1,,
H38,201,A3010,2013-05-05,LOLOARAN,,,,20430,UNKNLO,10197,Y1002,2,3,63,1,,
H38,202,A3011,2013-05-05,ARLOANHH,,,,20435,V103,10142,U8116,5,2,60,1,,
H38,203,A3012,2013-05-06,ARLOANSM,,,,20437,V131,10185,X0264,3,2,74,1,,
H38,204,A3018,2013-05-08,ARLOARHH,,,,20471,X146,10056,N3099,10,3,84,1,,
H38,205,A3019,2013-05-08,LOLOARAN,,,,20430,UNKNLO,10204,Y1073,2,3,54,1,,
H38,206,A3020,2013-05-08,LO,,,,20430,UNKNLO,10212,Y1234,2,2,45,1,,
H38,207,A3021,2013-05-09,ARLOARAN,,,,20435,V103,10129,U8039,5,3,75,1,,
H38,208,A3022,2013-05-08,ARLOAN,,,,20435,V103,10088,S6104,7,2,72,1,,
H38,209,A3023,2013-05-08,ARLOANAN,,,,20435,V103,10157,U8302,5,3,72,1,,
H38,210,A3031,2013-05-10,ARARLOAN,,,,20435,V103,448,W9053,4,3,73,1,,
H38,211,A3032,2013-05-10,LOLOARHH,,,,20430,UNKNLO,10199,Y1019,2,3,62,1,,
H38,212,A3033,2013-05-11,ARLOHH,,,,20472,X187,467,W9157,4,3,76,1,,
H38,213,A3034,2013-05-11,ARLOANMX,,,,20437,V131,10183,X0259,3,2,65,1,,
H38,214,A3045,2013-05-12,ARLOARAN,,,,20435,V103,10134,U8054,5,3,83,1,,
H38,215,A3046,2013-05-12,ARLOANHH,,,,20435,V103,10104,S6183,7,3,80,1,,
H38,216,A3055,2013-05-14,ARARLOAN,,,,20447,W12,466,W9148,4,3,89,1,,
H38,217,A3056,2013-05-15,LOLOANAR,,,,20430,UNKNLO,10202,Y1027,2,3,50,1,,
H38,218,A3065,2013-05-15,ARLOANAN,,,,20437,V131,10188,X0271,3,3,70,1,,
H38,219,A3066,2013-05-15,ARLOANHH,,,,20447,W12,10108,S6197,7,2,70,1,,
H38,220,A3076,2013-05-16,ARLOANHH,,,,20447,W12,10139,U8082,5,3,90,1,,
H38,221,A3077,2013-05-16,ARLOLOHH,,,,20447,W12,373,S6093,7,2,75,1,,
H38,222,A3078,2013-05-16,ARLOANAR,,,,20437,V131,10180,X0087,3,3,70,1,,
H38,223,A3080,2013-05-17,LO,,,,20430,UNKNLO,10213,Y1235,2,3,70,1,,
H38,224,A3089,2013-05-17,ARARLOAN,,,,20447,W12,471,W9187,4,3,64,1,,
H38,225,A3094,2013-05-18,ARLOHHAR,,,,20472,X187,372,S6072,7,2,63,1,,
H38,226,A3095,2013-05-18,ARLOARHH,,,,20447,W12,10124,U8012,5,2,84,1,,
H38,227,A3096,2013-05-18,ARANARHH,,,,20447,W12,10163,W9070,4,2,80,1,,
H38,228,A3097,2013-05-18,ARARLOAN,,,,20435,V103,400,U8020,5,3,70,1,,
H38,229,A3102,2013-05-19,ARLOAN,,,,20472,X187,10111,S6230,7,3,84,1,,
H38,230,A3103,2013-05-19,ARLOANAN,,,,20437,V131,10194,X0293,3,2,88,1,,
H38,231,A3104,2013-05-19,ARLOANAN,,,,20471,X146,10113,S6242,7,3,85,1,,
H38,232,A3105,2013-05-19,ARLOLOAN,,,,20471,X146,375,S6096,7,2,79,1,,
H38,233,A3106,2013-05-19,ARLOANHH,,,,20435,V103,10138,U8081,5,3,70,1,,
H38,234,A3107,2013-05-19,LOLOANHH,,,,20430,UNKNLO,10207,Y1116,2,2,51,1,,
H38,235,A3108,2013-05-19,LO,,,,20430,UNKNLO,10209,Y1229,2,3,54,1,,
H38,236,A3109,2013-05-19,LOLOANHH,,,,20430,UNKNLO,10200,Y1020,2,3,67,1,,
H38,237,A3111,2013-05-20,LO,,,,20430,UNKNLO,10214,Y1242,2,2,54,1,,
H38,238,A3117,2013-05-20,ARLOANHH,,,,20471,X146,10062,P4108,9,3,80,1,,
H38,239,A3118,2013-05-20,ARLOANAN,,,,20437,V131,10195,X0294,3,2,60,1,,
H38,240,A3119,2013-05-20,ARLOANHH,,,,20447,W12,10115,S6248,7,3,73,1,,
H38,241,A3123,2013-05-20,LOLOARAN,,,,20430,UNKNLO,10206,Y1090,2,2,54,1,,
H38,242,A3124,2013-05-21,LOLOARAN,,,,20430,UNKNLO,10201,Y1022,2,3,56,1,,
H38,243,A3128,2013-05-21,ARLOANHH,,,,20471,X146,10103,S6165,7,2,75,1,,
H38,244,A3129,2013-05-21,ARLOARAN,,,,20437,V131,10181,X0089,3,3,75,1,,
H38,245,A3130,2013-05-21,ARARLOAN,,,,20435,V103,480,W9224,4,3,80,1,,
H38,246,A3131,2013-05-21,ARARLOAN,,,,20447,W12,402,U8044,5,3,83,1,,
H38,247,A3132,2013-05-21,ARLOLOHH,,,,20447,W12,414,U8133,5,2,73,1,,
H38,248,A3133,2013-05-21,ARLOANHH,,,,20472,X187,10102,S6164,7,2,84,1,,
H38,249,A3139,2013-05-22,ARARLOAN,,,,20435,V103,453,W9069,4,2,75,1,,
H38,250,A3148,2013-05-23,ARLOANAN,,,,20447,W12,10086,S6094,7,2,70,1,,
H38,251,A3153,2013-05-24,ARARLOAN,,,,20435,V103,457,W9077,4,2,70,1,,
H38,252,A3154,2013-05-24,ARLOANGV,,,,20471,X146,10059,P4082,9,2,84,1,,
H38,253,A3155,2013-05-24,ARARLOLO,,,,20435,V103,478,W9215,4,3,89,1,,
H38,254,A3156,2013-05-24,ARLOANAN,,,,20447,W12,10096,S6124,7,2,69,1,,
H38,255,A3162,2013-05-25,ARARLOLO,,,,20447,W12,417,U8163,5,3,93,1,,
H38,256,A3163,2013-05-25,ARLOANAN,,,,20437,V131,10192,X0290,3,3,77,1,,
H38,257,A3164,2013-05-25,ARLOANHH,,,,20447,W12,10156,U8285,5,3,72,1,,
H38,258,A3165,2013-05-25,ARLOANAN,,,,20437,V131,10187,X0269,3,2,64,1,,
H38,259,A3166,2013-05-25,ARLOAN,,,,20437,V131,10193,X0291,3,2,70,1,,
H38,260,A3176,2013-05-26,ARLOAN,,,,20447,W12,10093,S6115,7,2,69,1,,
H38,261,A3177,2013-05-26,ARARLOAN,,,,20447,W12,472,W9188,4,3,93,1,,
H38,262,A3187,2013-05-27,ARLOANAN,,,,20437,V131,10191,X0287,3,2,74,1,,
H38,263,A3193,2013-05-29,ARARLOAN,,,,20435,V103,424,U8242,5,3,85,1,,
H38,264,A3194,2013-05-29,ARLOANAN,,,,20472,X187,10119,S6273,7,3,110,1,,
H38,265,A3195,2013-05-29,ARARLOAN,,,,20447,W12,403,U8045,5,2,75,1,,
H38,266,A3198,2013-05-29,LO,,,,20430,UNKNLO,10216,Y1253,2,3,65,1,,
H38,267,A3199,2013-05-29,ARLOANAN,,,,20447,W12,10118,S6266,7,2,110,1,,
H38,268,A3200,2013-05-30,ARARANAN,,,,20447,W12,10176,W9216,4,2,85,1,,
H38,269,A3201,2013-05-30,ARARLOAN,,,,20435,V103,461,W9109,4,2,74,1,,
H38,270,A3206,2013-06-02,ARLOHHAR,,,,20447,W12,420,U8190,5,3,86,1,,
H38,271,A3210,2013-06-03,ARLOANAN,,,,20437,V131,10186,X0266,3,2,72,1,,
H38,272,A3211,2013-06-03,ARARLOAN,,,,20435,V103,434,U8278,5,2,90,1,,
H38,273,A3212,2013-06-03,ARLOARHH,,,,20472,X187,10095,S6122,7,3,100,1,,
H38,274,A3218,2013-06-03,ARLOARHH,,,,20437,V131,10182,X0180,3,2,71,1,,
H38,275,A3219,2013-06-07,LOLOARAN,,,,20430,UNKNLO,10205,Y1089,2,2,65,1,,
H38,276,A3221,2013-06-06,ARANLOAN,,,,20435,V103,463,W9123,4,3,96,1,,
H38,277,A3222,2013-06-07,ARANLOHH,,,,20435,V103,456,W9076,4,2,75,1,,
H38,278,A3224,2013-06-09,ARLOARAN,,,,20435,V103,10131,U8043,5,2,83,1,,
H38,279,AMS01,2013-05-03,LO,,,,20430,UNKNLO,10215,Y1251,2,2,50,1,,
H38,280,AMS06,2013-06-06,LO,,,,20430,UNKNLO,10211,Y1232,2,3,80,1,,
H38,281,B4001,2014-04-27,LMLOARAN,,,,20429,UNKNLM,10198,Y1008,3,2,65,1,,
H38,282,B4002,2014-04-28,ARARLOLO,,,,20437,V131,417,U8163,6,2,76,1,,
H38,283,B4003,2014-04-30,ARLOANGV,,,,20473,Y066,10059,P4082,10,3,85,1,,
H38,284,B4004,2014-05-01,ARLOANAN,,,,20425,UNKNAR,10096,S6124,8,2,80,1,,
H38,285,B4006,2014-05-01,ARLOANAN,,,,20473,Y066,10188,X0271,4,2,78,1,,
H38,286,B4007,2014-05-04,ARLOARAN,,,,20425,UNKNAR,10134,U8054,6,3,81,1,,
H38,287,B4009,2014-05-05,ARARLOAN,,,,20437,V131,402,U8044,6,3,66,1,,
H38,288,B4011,2014-05-06,ARLOANHH,,,,20447,W12,10138,U8081,6,2,75,1,,
H38,289,B4012,2014-05-06,ARLOARAN,,,,20437,V131,10181,X0089,4,2,75,1,,
H38,290,B4013,2014-05-06,ARLOHHAR,,,,20437,V131,372,S6072,8,2,49,1,,
H38,291,B4014,2014-05-07,ARARLOAN,,,,20437,V131,453,W9069,5,2,65,1,,
H38,292,B4015,2014-05-07,LOLOSHAN,,,,20430,UNKNLO,10221,Z2198,2,3,62,1,,
H38,293,B4016,2014-05-07,LMLOARAN,,,,20429,UNKNLM,10197,Y1002,3,3,76,1,,
H38,294,B4021,2014-05-09,LMLO,,,,20429,UNKNLM,10212,Y1234,3,2,80,1,,
H38,295,B4022,2014-05-09,LOLOANAR,,,,20430,UNKNLO,10218,Z2083,2,2,55,1,,
H38,296,B4023,2014-05-09,ARARLOAN,,,,20447,W12,472,W9188,5,2,75,1,,
H38,297,B4024,2014-05-09,ARARLOAN,,,,20425,UNKNAR,466,W9148,5,2,74,1,,
H38,298,B4027,2014-05-10,ARLOLOHH,,,,20437,V131,414,U8133,6,3,76,1,,
H38,299,B4028,2014-05-10,ARLOARAN,,,,20437,V131,10129,U8039,6,3,93,1,,
H38,300,B4029,2014-05-10,ARLOANHH,,,,20437,V131,10102,S6164,8,3,75,1,,
H38,301,B4030,2014-05-10,ARLOHHAR,,,,20473,Y066,420,U8190,6,2,87,1,,
H38,302,B4031,2014-05-11,LMLO,,,,20429,UNKNLM,10214,Y1242,3,3,74,1,,
H38,303,B4033,2014-05-11,ARLOANAN,,,,20473,Y066,10192,X0290,4,3,89,1,,
H38,304,B4037,2014-05-12,ARLOANHH,,,,20437,V131,10115,S6248,8,3,70,1,,
H38,305,B4038,2014-05-12,ARLOANAN,,,,20437,V131,10184,X0262,4,2,60,1,,
H38,306,B4039,2014-05-12,ARLOAN,,,,20473,Y066,10093,S6115,8,2,84,1,,
H38,307,B4041,2014-05-12,LMLO,,,,20429,UNKNLM,10213,Y1235,3,3,96,1,,
H38,308,B4042,2014-05-13,LOLOARGV,,,,20430,UNKNLO,10222,Z2202,2,3,65,1,,
H38,309,B4045,2014-05-13,ARLOLOHH,,,,20437,V131,373,S6093,8,3,72,1,,
H38,310,B4047,2014-05-14,LMLO,,,,20429,UNKNLM,10216,Y1253,3,3,85,1,,
H38,311,B4052,2014-05-14,LMANLOHH,,,,20429,UNKNLM,456,W9076,5,3,82,1,,
H38,312,B4053,2014-05-14,ARLOANAN,,,,20437,V131,10187,X0269,4,2,65,1,,
H38,313,B4057,2014-05-15,ARLOAN,,,,20447,W12,10088,S6104,8,3,89,1,,
H38,314,B4058,2014-05-15,ARLOANAN,,,,20447,W12,10195,X0294,4,2,85,1,,
H38,315,B4060,2014-05-15,LOLOARGV,,,,20430,UNKNLO,10220,Z2111,2,2,60,1,,
H38,316,B4063,2014-05-16,ARLOANAR,,,,20437,V131,10180,X0087,4,3,75,1,,
H38,317,B4064,2014-05-16,ARLOANHH,,,,20437,V131,10142,U8116,6,2,65,1,,
H38,318,B4067,2014-05-17,LMLO,,,,20429,UNKNLM,10210,Y1230,3,3,74,1,,
H38,319,B4069,2014-05-17,LOLOANGV,,,,20430,UNKNLO,10217,Z2061,2,3,69,1,,
H38,320,B4077,2014-05-18,ARARLOAN,,,,20437,V131,461,W9109,5,2,70,1,,
H38,321,B4078,2014-05-19,ARLOANHH,,,,20473,Y066,10104,S6183,8,2,83,1,,
H38,322,B4079,2014-05-19,ARLOAN,,,,20447,W12,10111,S6230,8,3,81,1,,
H38,323,B4088,2014-05-20,ARARLOAN,,,,20447,W12,403,U8045,6,2,85,1,,
H38,324,B4089,2014-05-20,ARLOANHH,,,,20437,V131,10139,U8082,6,3,95,1,,
H38,325,B4095,2014-05-21,ARARLOAN,,,,20447,W12,480,W9224,5,2,95,1,,
H38,326,B4096,2014-05-21,LMANLOAN,,,,20429,UNKNLM,463,W9123,5,2,115,1,,
H38,327,B4102,2014-05-22,ARARLOAN,,,,20437,V131,424,U8242,6,3,66,1,,
H38,328,B4108,2014-05-24,ARARLOAN,,,,20473,Y066,457,W9077,5,2,90,1,,
H38,329,B4110,2014-05-25,ARLOLOAN,,,,20447,W12,375,S6096,8,2,80,1,,
H38,330,B4111,2014-05-25,ARLOANAN,,,,20447,W12,10196,X0298,4,3,97,1,,
H38,331,B4112,2014-05-25,ARANARHH,,,,20473,Y066,10163,W9070,5,2,84,1,,
H38,332,B4114,2014-05-26,LMLO,,,,20429,UNKNLM,10209,Y1229,3,3,80,1,,
H38,333,B4118,2014-05-27,ARLOANMX,,,,20447,W12,10183,X0259,4,3,82,1,,
H38,334,B4127,2014-05-28,ARARANAN,,,,20447,W12,10176,W9216,5,3,114,1,,
H38,335,B4128,2014-05-28,ARLOANAN,,,,20437,V131,10118,S6266,8,3,93,1,,
H38,336,B4129,2014-05-28,ARLOANAN,,,,20425,UNKNAR,10186,X0266,4,2,92,1,,
H38,337,B4130,2014-05-28,ARLOANSM,,,,20437,V131,10185,X0264,4,3,82,1,,
H38,338,B4131,2014-05-28,ARLOANAN,,,,20447,W12,10157,U8302,6,2,115,1,,
H38,339,B4132,2014-05-28,ARLOANHH,,,,20447,W12,10156,U8285,6,3,91,1,,
H38,340,B4133,2014-05-28,ARARLOAN,,,,20447,W12,448,W9053,5,2,67,1,,
H38,341,B4137,2014-05-29,ARARLOAN,,,,20447,W12,400,U8020,6,2,68,1,,
H38,342,B4148,2014-05-31,ARLOARHH,,,,20437,V131,10095,S6122,8,3,80,1,,
H38,343,B4149,2014-06-01,LMLOARHH,,,,20429,UNKNLM,10199,Y1019,3,3,75,1,,
H38,344,B4153,2014-06-01,ARLOANHH,,,,20447,W12,10108,S6197,8,3,85,1,,
H38,345,B4154,2014-06-03,LMLOARAN,,,,20429,UNKNLM,10204,Y1073,3,3,83,1,,
H38,346,B4160,2014-06-03,ARLOANAN,,,,20447,W12,10119,S6273,8,3,95,1,,
H38,347,B4164,2014-06-04,LMLOANAR,,,,20429,UNKNLM,10202,Y1027,3,2,71,1,,
H38,348,B4165,2014-06-04,LMLOARAN,,,,20429,UNKNLM,10201,Y1022,3,2,61,1,,
H38,349,B4167,2014-06-04,ARLOANAN,,,,20437,V131,10194,X0293,4,2,72,1,,
H38,350,B4171,2014-06-05,ARLOANAN,,,,20447,W12,10191,X0287,4,2,110,1,,
H38,351,B4172,2014-06-05,ARARLOLO,,,,20425,UNKNAR,478,W9215,5,2,87,1,,
H38,352,B4177,2014-06-08,LMLOARAN,,,,20429,UNKNLM,10206,Y1090,3,2,57,1,,
H38,353,B4189,2014-06-11,ARLOANAN,,,,20447,W12,10086,S6094,8,3,90,1,,
H38,354,B4192,2014-06-12,ARARLOAN,,,,20447,W12,434,U8278,6,3,95,1,,
H38,355,B4196,2014-06-15,ARLOARAN,,,,20425,UNKNAR,10203,Y1054,3,3,77,1,,
H38,356,B4197,2014-06-15,ARLOANHH,,,,20425,UNKNAR,10200,Y1020,3,2,66,1,,
H38,357,B4200,2014-06-16,LOLOSHAR,,,,20430,UNKNLO,10219,Z2084,2,3,63,1,,
H38,358,B4201,2014-06-16,ARARLOAN,,,,20447,W12,471,W9187,5,3,97,1,,
H38,359,B4202,2014-06-17,ARLOARAN,,,,20425,UNKNAR,10205,Y1089,3,3,75,1,,
H38,360,B4208,2014-06-23,ARLOANHH,,,,20447,W12,10103,S6165,8,2,78,1,,
H38,361,BMS01,2014-04-02,ARLOAN,,,,20425,UNKNAR,10193,X0291,4,0,30,1,,
H38,362,BMS02,2014-04-28,ARLOANAN,,,,20437,V131,10113,S6242,8,2,62,1,,
H38,363,BMS04,2014-05-25,ARLOARHH,,,,20447,W12,10182,X0180,4,3,99,1,,
H38,364,D503,1990-03-07,CH,,,,20205,C773,-2,Unknown,7,2,86,,,
H38,365,D531,1990-04-24,CH,,,,20205,C773,-2,Unknown,7,2,90,,,
H38,366,R075,1990-04-16,CH,,,,20203,C710,-2,Unknown,6,2,105,,,
H38,367,R5035,2005-03-21,LOAN,,,985152000329621,20087,307M,10055,N3087,2,3,52,1,,
H38,368,R5125,2005-04-03,LOHHARHH,,,985152000329612,20087,307M,10056,N3099,2,3,70,1,,
H38,370,S6048,2006-03-23,LOLOANHH,,,999000000000160,20087,307M,10062,P4108,2,3,60,1,,
H38,371,S6063,2006-03-26,LOLOANAN,,,999000000004133,20087,307M,10060,P4098,2,3,54,1,,
H38,374,S6095,2006-03-28,LOLOANGV,,,999000000004019,20087,307M,10059,P4082,2,3,80,1,,
H38,376,S6113,2006-03-31,LOANARHH,,,999000000000195,20087,307M,10057,N3326,3,3,82,1,,
H38,378,S6172,2006-04-10,LOLOAN,,,999000000000013,20087,307M,10061,P4099,2,3,88,1,,
H38,379,T7007,2007-03-15,LOLOANAN,,,,20087,307M,10072,R5151,2,3,58,1,,
H38,380,T7009,2007-03-15,LOLOANAN,,,949000000006975,20087,307M,10060,P4098,3,3,70,1,,
H38,381,T7011,2007-03-17,LOLOANAR,,,949000000109223,20087,307M,369,R5132,2,2,70,1,,
H38,382,T7014,2007-03-17,LOLOANHH,,,949000000207847,20087,307M,10062,P4108,3,2,68,1,,
H38,383,T7064,2007-03-25,LOANARHH,,,949000000106312,20087,307M,10057,N3326,4,2,72,1,,
H38,384,T7087,2007-03-27,LOLOHH,,,949000000008264,20087,307M,10070,R5099,2,3,72,3,,
H38,385,T7107,2007-03-28,LOAN,,,949000000069640,20087,307M,10055,N3087,4,2,62,1,,
H38,386,T7109,2007-03-28,LOLOANAR,,,949000000234322,20087,307M,10063,P4132,3,2,58,1,,
H38,387,T7116,2007-03-29,LOLOANHH,,,,20087,307M,10069,R5033,2,3,70,1,,
H38,388,T7124,2007-03-29,LOLOANGV,,,949000000008426,20087,307M,10059,P4082,3,3,80,1,,
H38,390,T7163,2007-04-01,LOLOAN,,,949000000105846,20087,307M,10061,P4099,3,2,62,1,,
H38,391,T7166,2007-04-02,LOLOANHH,,,949000000177825,20087,307M,10078,R5282,2,2,74,1,,
H38,392,T7209,2007-04-07,LOLOHHAN,,,949000000007431,20087,307M,10064,P4191,3,3,72,1,,
H38,393,T7290,2007-05-07,LOLOANHH,,,,20087,307M,10074,R5167,2,3,72,1,,
H38,394,T7291,2007-05-11,LOLOHHHH,,,949000000234168,20087,307M,10077,R5281,2,2,52,1,,
H38,397,U8007,2008-03-19,ARLOANAN,,,949000000039695,20360,S6032,10106,S6185,2,2,56,1,,
H38,399,U8010,2008-03-20,LOLOANAR,,,949000000008412,20087,307M,369,R5132,3,2,62,1,,
H38,404,U8055,2008-03-25,ARLOANAN,,,949000000008742,20360,S6032,10101,S6163,2,3,72,1,,
H38,405,U8056,2008-03-25,ARLOANHH,,,949000000071519,20360,S6032,10104,S6183,2,3,64,1,,
H38,410,U8093,2008-03-28,LOLOHH,,,949000000072180,20087,307M,10070,R5099,3,2,70,1,,
H38,411,U8094,2008-03-28,LOLOANHH,,,949000000199224,20087,307M,10062,P4108,4,3,86,1,,
H38,412,U8104,2008-03-29,ARLOANAN,,,949000000074863,20360,S6032,10086,S6094,2,2,64,1,,
H38,413,U8117,2008-03-30,ARLOANAN,,,949000000103216,20360,S6032,10118,S6266,2,3,70,1,,
H38,415,U8150,2008-04-02,ARLOARHP,,,949000000007910,20360,S6032,10097,S6134,2,2,71,1,,
H38,416,U8154,2008-04-03,LOLOHHHH,,,949000000070538,20087,307M,10077,R5281,3,3,67,1,,
H38,418,U8180,2008-04-06,ARLOANAR,,,949000000016004,20360,S6032,10110,S6208,2,3,70,1,,
H38,419,U8189,2008-04-07,ARLOHHHH,,,,20360,S6032,10084,S6092,2,2,79,1,,
H38,421,U8191,2008-04-07,LOLOANHH,,,949000000039865,20087,307M,10074,R5167,3,2,68,1,,
H38,423,U8205,2008-04-09,ARLOANAN,,,,20360,S6032,10109,S6198,2,2,64,1,,
H38,425,U8255,2008-04-16,ARLOARHH,,,,20360,S6032,10095,S6122,2,3,88,3,,
H38,427,U8262,2008-04-17,ARLOANHH,,,949000000196405,20360,S6032,10102,S6164,2,3,74,1,,
H38,428,U8263,2008-04-17,ARLOANAN,,,949000000076212,20360,S6032,10119,S6273,2,2,74,1,,
H38,430,U8270,2008-04-19,ARLOANHH,,,949000000246362,20360,S6032,10099,S6147,2,3,54,1,,
H38,431,U8271,2008-04-19,LOLOAN,,,949000000089807,20087,307M,10061,P4099,4,3,88,1,,
H38,432,U8276,2008-04-20,ARLOANAN,,,949000000007609,20360,S6032,10096,S6124,2,3,64,1,,
H38,433,U8277,2008-04-20,ARLOAN,,,949000000008298,20360,S6032,10093,S6115,2,3,66,1,,
H38,435,U8300,2008-04-27,ARLOANHH,,,,20360,S6032,10116,S6250,2,3,82,5,,
H38,436,U8303,2008-04-30,ARLOANHH,,,949000000077530,20360,S6032,10082,S6040,2,3,70,1,,
H38,437,U8305,2008-05-01,ARLOANAN,,,,20360,S6032,10091,S6112,2,2,58,1,,
H38,438,U8310,2008-05-05,ARLOLOAN,,,949000000039296,20360,S6032,375,S6096,2,3,60,1,,
H38,440,U8314,2008-05-12,ARLOANHH,,,949000000199725,20360,S6032,10108,S6197,2,3,62,1,,
H38,441,U8316,2008-05-14,ARLOAN,,,949000000078689,20360,S6032,10092,S6114,2,2,72,1,,
H38,442,U8317,2008-05-16,ARLOANHH,,,949000000015656,20360,S6032,10103,S6165,2,3,60,1,,
H38,443,UMS3,2008-03-06,LOANHP,,,,-1,UNKN,10089,S6108,2,0,0,1,,
H38,444,UMS4,2008-03-05,LOANAR,,,,-1,UNKN,10090,S6109,2,0,0,1,,
H38,445,W9048,2009-03-20,ARLOANHH,,,,20360,S6032,10115,S6248,3,3,64,1,,
H38,446,W9051,2009-03-22,ANLOANHH,,,,20139,7AN221,10062,P4108,5,3,64,1,,
H38,447,W9052,2009-03-22,ARLOLOAN,,,,20360,S6032,375,S6096,3,2,54,1,,
H38,449,W9057,2009-03-23,AN,,,,20139,7AN221,10055,N3087,6,2,65,1,,
H38,450,W9058,2009-03-23,SHHHARHH,,,,20431,UNKNSH,10056,N3099,6,3,54,1,,
H38,451,W9059,2009-03-23,ARLOAN,,,,20360,S6032,10107,S6196,3,3,62,1,,
H38,454,W9072,2009-03-26,ARLOHHAR,,,,20360,S6032,372,S6072,3,2,50,1,,
H38,455,W9073,2009-03-26,ARLOANAN,,,,20425,UNKNAR,10113,S6242,3,3,56,1,,
H38,458,W9089,2009-03-28,ARLOANHH,,,,20360,S6032,10116,S6250,3,3,76,1,,
H38,459,W9107,2009-03-31,ARLOANAN,,,,20425,UNKNAR,10109,S6198,3,3,82,1,,
H38,460,W9108,2009-03-31,ARLOANAR,,,,20360,S6032,10110,S6208,3,3,80,1,,
H38,462,W9120,2009-04-01,ARLOANHH,,,,20360,S6032,10098,S6135,3,3,82,1,,
H38,464,W9124,2009-04-01,ARLOANHH,,,,20360,S6032,10108,S6197,3,3,92,1,,
H38,465,W9125,2009-04-01,ANLOHHAN,,,,20139,7AN221,10064,P4191,5,3,90,1,,
H38,468,W9158,2009-04-04,ARLOAN,,,,20360,S6032,10117,S6259,3,3,60,3,,
H38,469,W9178,2009-04-07,ARLOANAN,,,,20360,S6032,10118,S6266,3,3,90,1,,
H38,473,W9189,2009-04-09,ARLOHHHH,,,,20361,S6042,10077,R5281,4,3,60,1,,
H38,474,W9196,2009-04-10,ARLOAN,,,,20360,S6032,10093,S6115,3,3,72,1,,
H38,476,W9208,2009-04-13,ARLOAN,,,,20360,S6032,377,S6121,3,3,50,1,,
H38,477,W9214,2009-04-15,ARLOANAR,,,,20363,S6153,10063,P4132,5,3,76,1,,
H38,481,W9227,2009-04-19,ARLOARHH,,,,20360,S6032,10095,S6122,3,3,90,1,,
H38,482,W9235,2009-04-21,ARANARHH,,,,20355,S48,10057,N3326,6,3,82,1,,
H38,483,W9240,2009-04-25,ARLOANHH,,,,20360,S6032,10103,S6165,3,3,62,1,,
H38,484,W9245,2009-04-28,ARLOANAN,,,,20425,UNKNAR,10114,S6244,3,3,64,1,,
H38,486,WMS1,2009-05-18,LOANANAN,,,,-1,UNKN,10106,S6185,3,0,0,1,,
H38,487,X0003,2010-02-23,ARLOAN,,,999000000013003,20425,UNKNAR,10141,U8105,2,2,72,1,,
H38,488,X0009,2010-02-28,ARLOAN,,,982000128139018,20425,UNKNAR,408,U8080,2,3,67,1,,
H38,489,X0011,2010-03-01,ARARLOHH,,,982000128138643,20425,UNKNAR,406,U8057,2,3,79,1,,
H38,490,X0012,2010-03-01,ARLOARAN,,,999000000013012,20425,UNKNAR,10129,U8039,2,2,66,1,,
H38,491,X0016,2010-03-01,ARARLOAN,,,999000000013016,20425,UNKNAR,402,U8044,2,2,72,1,,
H38,492,X0019,2010-03-03,ARLOARHH,,,999000000013019,20425,UNKNAR,10124,U8012,2,2,74,1,,
H38,493,X0020,2010-03-03,ARLOLOAN,,,982000128138909,20425,UNKNAR,398,U8008,2,3,75,1,,
H38,494,X0023,2010-03-04,ARLOANHH,,,982000128138957,20425,UNKNAR,10142,U8116,2,3,80,1,,
H38,496,X0026,2010-03-05,ARARLOAN,,,999000000013026,20425,UNKNAR,424,U8242,2,2,62,1,,
H38,497,X0029,2010-03-05,ARARLOAN,,,999000000013029,20425,UNKNAR,400,U8020,2,2,59,1,,
H38,498,X0030,2010-03-05,ARARLOAN,,,999000000013030,20425,UNKNAR,403,U8045,2,2,55,1,,
H38,499,X0032,2010-03-07,ARLOANAN,,,999000000013032,20425,UNKNAR,10157,U8302,2,2,55,1,,
H38,501,X0034,2010-03-08,ARARLOAN,,,999000000013034,20425,UNKNAR,422,U8200,2,2,86,1,,
H38,502,X0035,2010-03-08,ARARLOAN,,,,20425,UNKNAR,429,U8268,2,2,50,1,,
H38,503,X0036,2010-03-10,ARLOANHH,,,999000000013036,20425,UNKNAR,10078,R5282,5,2,78,1,,
H38,504,X0039,2010-03-11,ARLOANHH,,,999000000013039,20436,V108,10115,S6248,4,2,86,1,,
H38,505,X0040,2010-03-12,ARLOANAN,,,982000128138742,20425,UNKNAR,10126,U8019,2,3,80,1,,
H38,506,X0041,2010-03-12,ARLOANHH,,,999000000013041,20425,UNKNAR,10139,U8082,2,1,62,1,,
H38,507,X0042,2010-03-13,ARLOANAR,,,982000128138826,20425,UNKNAR,396,U8004,2,3,56,1,,
H38,508,X0044,2010-03-13,ARLOANHH,,,999000000013044,20440,V529,10062,P4108,6,2,84,1,,
H38,509,X0045,2010-03-13,ARLOANHP,,,982000128138634,20425,UNKNAR,10153,U8257,2,3,70,5,,
H38,510,X0047,2010-03-14,ARLOANAR,,,982000128138738,20436,V108,10057,N3326,7,1,74,1,,
H38,511,X0048,2010-03-14,ARLOANHH,,,999000000013048,20425,UNKNAR,10116,S6250,4,2,72,1,,
H38,512,X0049,2010-03-14,ARLOANAN,,,999000000013049,20425,UNKNAR,10109,S6198,4,2,66,1,,
H38,513,X0052,2010-03-15,ARLOANAR,,,999000000013052,20425,UNKNAR,10063,P4132,6,2,65,1,,
H38,514,X0053,2010-03-15,ARLOANAN,,,982000128138709,20425,UNKNAR,10144,U8149,2,3,68,1,,
H38,515,X0054,2010-03-15,ARLOLOAN,,,999000000013054,20425,UNKNAR,395,U8001,2,2,50,1,,
H38,516,X0056,2010-03-16,ARLOANAN,,,999000000013056,20425,UNKNAR,10101,S6163,4,2,72,1,,
H38,517,X0059,2010-03-18,ARLOANHH,,,999000000013059,20425,UNKNAR,10156,U8285,2,2,70,1,,
H38,518,X0060,2010-03-18,ARLOANGV,,,982000128138843,20425,UNKNAR,10059,P4082,6,3,70,1,,
H38,522,X0070,2010-03-19,ARLOAN,,,999000000013070,20425,UNKNAR,10093,S6115,4,2,66,1,,
H38,523,X0071,2010-03-19,ARLOAN,,,999000000013071,20425,UNKNAR,10107,S6196,4,2,58,1,,
H38,524,X0072,2010-03-20,ARLOAN,,,999000000013072,20436,V108,10117,S6259,4,2,75,1,,
H38,525,X0073,2010-03-20,ARLOARHH,,,982000128138622,20425,UNKNAR,10130,U8042,2,3,90,3,,
H38,526,X0077,2010-03-21,ARLOANHH,,,982000128138760,20436,V108,10104,S6183,4,1,90,1,,
H38,527,X0085,2010-03-23,ARLOARHH,,,999000000013085,20436,V108,10056,N3099,7,2,80,1,,
H38,528,X0091,2010-03-25,LOLOHHAR,,,982000128138533,20430,UNKNLO,372,S6072,4,3,62,1,,
H38,529,X0095,2010-03-26,ARLOANAN,,,999000000013095,20436,V108,10113,S6242,4,2,78,1,,
H38,530,X0097,2010-03-26,ARLOARAN,,,982000128138653,20425,UNKNAR,10131,U8043,2,3,70,1,,
H38,532,X0112,2010-03-27,ARLOANHH,,,982000128138735,20425,UNKNAR,10138,U8081,2,3,82,1,,
H38,533,X0113,2010-03-28,ARLOARHH,,,982000128138660,20436,V108,10095,S6122,4,1,85,1,,
H38,534,X0123,2010-03-29,ARLOANHH,,,982000128138598,20436,V108,10074,R5167,5,3,80,1,,
H38,535,X0124,2010-03-29,ARLOANHH,,,982000128138627,20436,V108,10102,S6164,4,3,85,1,,
H38,536,X0125,2010-03-30,ARLOANHH,,,999000000013125,20436,V108,10105,S6184,4,2,82,1,,
H38,538,X0128,2010-03-31,ARARLOAN,,,999000000013128,20425,UNKNAR,439,U8313,2,2,44,1,,
H38,539,X0129,2010-03-31,ARLOANAN,,,999000000013129,20436,V108,10114,S6244,4,2,68,1,,
H38,540,X0144,2010-04-02,ARARLOAN,,,999000000013144,20425,UNKNAR,434,U8278,2,2,86,1,,
H38,541,X0145,2010-04-03,ARLOLOHH,,,999000000013145,20440,V529,373,S6093,4,2,80,1,,
H38,542,X0146,2010-04-03,ARLOANHH,,,999000000013146,20436,V108,10103,S6165,4,2,70,1,,
H38,544,X0157,2010-04-05,ARLOHHHH,,,982000128138628,20425,UNKNAR,10077,R5281,5,3,47,1,,
H38,546,X0172,2010-04-08,ARLOLOAN,,,999000000013172,20425,UNKNAR,401,U8032,2,2,62,1,,
H38,547,X0188,2010-04-10,LOLOANAN,,,982000128138567,20430,UNKNLO,10106,S6185,4,3,68,1,,
H38,548,X0195,2010-04-12,ARLOARAN,,,982000128138656,20425,UNKNAR,10134,U8054,2,3,75,1,,
H38,549,X0196,2010-04-12,ARLOHH,,,999000000013196,20425,UNKNAR,10070,R5099,5,2,80,1,,
H38,550,X0197,2010-04-13,ARLOANHH,,,999000000013197,20425,UNKNAR,10098,S6135,4,2,80,1,,
H38,551,X0202,2010-04-14,ARLOHHAN,,,999000000013202,20425,UNKNAR,10064,P4191,6,2,84,1,,
H38,552,X0226,2010-04-19,ARLOAN,,,982000128138890,20425,UNKNAR,10111,S6230,4,3,84,1,,
H38,553,X0240,2010-05-02,ARLOAN,,,999000000013240,20436,V108,10088,S6104,4,2,72,1,,
H38,554,X0248,2010-05-08,ARLOANAN,,,999000000013248,20436,V108,10118,S6266,4,2,92,1,,
H38,555,XMS1,2010-01-30,ARLOANAR,,,,20425,UNKNAR,10150,U8236,2,0,0,1,,
H38,556,XMS10,2010-03-25,ARARLOAN,,,,20425,UNKNAR,407,U8058,2,3,60,4,,
H38,557,XMS11,2010-04-03,ARLOAN,,,,20436,V108,10061,P4099,6,2,80,1,,
H38,558,XMS14,2010-05-18,ARLOANHH,,,,-1,UNKN,426,U8256,2,0,0,1,,
H38,559,XMS15,2010-05-18,LOANANGV,,,,-1,UNKN,10086,S6094,4,0,0,1,,
H38,560,XMS2,2010-01-30,ARLOLOHH,,,,20425,UNKNAR,414,U8133,2,0,0,1,,
H38,561,XMS4,2010-03-14,ARLOANAR,,,,20425,UNKNAR,10148,U8226,2,2,74,1,,
H38,562,XMS7,2010-03-21,ARLOLOAN,,,,20425,UNKNAR,409,U8091,2,2,60,1,,
H38,563,Y1003,2011-02-27,ARARLOAN,,,982000172933799,20083,29AR0205,471,W9187,2,2,58,1,,
H38,564,Y1005,2011-02-28,ARARLOAN,,,982000172933768,20083,29AR0205,480,W9224,2,3,94,3,,
H38,565,Y1009,2011-03-01,ARARLOAN,,,982000172933725,20083,29AR0205,448,W9053,2,2,62,1,,
H38,566,Y1013,2011-03-02,ARANLOAN,,,982000172933760,20083,29AR0205,463,W9123,2,3,62,1,,
H38,567,Y1014,2011-03-02,ARLOANAN,,,982000172933733,20425,UNKNAR,10096,S6124,5,3,81,1,,
H38,568,Y1015,2011-03-03,ARARLOLO,,,982000172933732,20083,29AR0205,478,W9215,2,2,80,1,,
H38,569,Y1017,2011-03-03,ARARANAN,,,982000172933757,20083,29AR0205,10176,W9216,2,3,68,5,,
H38,570,Y1018,2011-03-04,ARANARHP,,,982000172933808,20083,29AR0205,10167,W9122,2,2,62,1,,
H38,571,Y1023,2011-03-04,ARARLOAN,,,982000172933750,20083,29AR0205,453,W9069,2,2,72,1,,
H38,572,Y1026,2011-03-05,ARLOARHH,,,982000172933727,20425,UNKNAR,10130,U8042,3,3,82,1,,
H38,573,Y1028,2011-03-05,ARARLOAN,,,982000172933763,20083,29AR0205,461,W9109,2,2,80,1,,
H38,574,Y1029,2011-03-05,ARLOARAN,,,982000172933739,20425,UNKNAR,10129,U8039,3,2,62,1,,
H38,575,Y1030,2011-03-05,ARLOHHAR,,,982000172933731,20425,UNKNAR,372,S6072,5,2,48,1,,
H38,576,Y1031,2011-03-06,ARLOANHH,,,982000172933743,20447,W12,10138,U8081,3,2,70,1,,
H38,577,Y1032,2011-03-07,ARARLOAN,,,982000172933758,20083,29AR0205,472,W9188,2,3,68,1,,
H38,578,Y1036,2011-03-08,ARANARHH,,,982000172933721,20083,29AR0205,10163,W9070,2,3,80,1,,
H38,579,Y1038,2011-03-08,ARARLOAN,,,982000172933754,20425,UNKNAR,422,U8200,3,2,54,1,,
H38,580,Y1039,2011-03-08,LOLOAN,,,982000172933715,20133,750S,10088,S6104,5,2,68,1,,
H38,581,Y1040,2011-03-10,LOARLOAN,,,982000172933770,20133,750S,426,U8256,3,2,60,1,,
H38,582,Y1042,2011-03-10,LOLOLOAN,,,982000172933765,20133,750S,409,U8091,3,2,68,1,,
H38,583,Y1044,2011-03-11,ARAN,,,982000172933773,20447,W12,10055,N3087,8,3,78,1,,
H38,584,Y1045,2011-03-11,ARARLOAN,,,982000172933761,20425,UNKNAR,424,U8242,3,2,60,1,,
H38,585,Y1046,2011-03-11,ARLOLOAN,,,982000172933730,20425,UNKNAR,395,U8001,3,2,58,1,,
H38,586,Y1047,2011-03-11,ARLOAN,,,982000172933737,20425,UNKNAR,10141,U8105,3,2,70,1,,
H38,587,Y1048,2011-03-11,ARLOANHH,,,982000172933748,20425,UNKNAR,10104,S6183,5,3,80,1,,
H38,588,Y1049,2011-03-12,ARARLOAN,,,982000172933796,20425,UNKNAR,400,U8020,3,2,62,1,,
H38,589,Y1052,2011-03-13,ARLOLOHH,,,982000172933719,20425,UNKNAR,373,S6093,5,2,64,1,,
H38,590,Y1053,2011-03-13,ARLOANHH,,,982000172933777,20425,UNKNAR,10082,S6040,5,3,68,1,,
H38,591,Y1055,2011-03-14,LOARLOAN,,,982000172933753,20430,UNKNLO,479,W9217,2,2,52,1,,
H38,592,Y1056,2011-03-14,ARLOANHH,,,982000172933740,20425,UNKNAR,10102,S6164,5,3,70,1,,
H38,593,Y1057,2011-03-14,LOLOANAN,,,982000172933771,20133,750S,10086,S6094,5,3,80,1,,
H38,594,Y1058,2011-03-14,ARLOLOAN,,,982000172933751,20425,UNKNAR,375,S6096,5,2,70,1,,
H38,595,Y1059,2011-03-14,ARHHARHH,,,982000172933722,20425,UNKNAR,10056,N3099,8,3,60,1,,
H38,596,Y1060,2011-03-15,LOARLOAN,,,982000172933807,20430,UNKNLO,485,W9251,2,2,56,1,,
H38,597,Y1061,2011-03-16,LOLOLOHH,,,982000172933717,20133,750S,414,U8133,3,3,70,1,,
H38,598,Y1062,2011-03-16,ARLOHHHH,,,982000172933746,20425,UNKNAR,10077,R5281,6,2,62,1,,
H38,599,Y1063,2011-03-16,ARARLOAN,,,982000172933720,20425,UNKNAR,402,U8044,3,2,62,1,,
H38,600,Y1064,2011-03-16,ARLOANAN,,,,20425,UNKNAR,10106,S6185,5,2,61,1,,
H38,601,Y1067,2011-03-17,ARLOANAR,,,982000172933776,20425,UNKNAR,10063,P4132,7,2,60,1,,
H38,602,Y1068,2011-03-17,ARLOANHH,,,982000172933767,20425,UNKNAR,10116,S6250,5,3,68,1,,
H38,603,Y1069,2011-03-17,ARLOANHH,,,982000172933735,20425,UNKNAR,10142,U8116,3,3,76,1,,
H38,604,Y1070,2011-03-17,ARLOANAN,,,982000172933766,20447,W12,10113,S6242,5,2,70,1,,
H38,605,Y1071,2011-03-17,ARLOHHAR,,,982000172933798,20437,V131,420,U8190,3,3,68,1,,
H38,606,Y1072,2011-03-17,ARLOAN,,,982000172933729,20425,UNKNAR,10111,S6230,5,2,74,1,,
H38,607,Y1075,2011-03-18,ARLOAN,,,982000172933716,20437,V131,10093,S6115,5,3,66,1,,
H38,609,Y1077,2011-03-18,LOARLOAN,,,982000172933724,20133,750S,407,U8058,3,3,60,1,,
H38,610,Y1081,2011-03-19,ARLOANHH,,,982000172933723,20425,UNKNAR,10103,S6165,5,3,62,1,,
H38,611,Y1085,2011-03-19,ARLOANAN,,,982000172933769,20425,UNKNAR,10119,S6273,5,3,78,1,,
H38,612,Y1086,2011-03-19,ARLOARHH,,,982000172933718,20425,UNKNAR,10095,S6122,5,2,62,1,,
H38,613,Y1087,2011-03-19,ARLOANHH,,,982000172933749,20425,UNKNAR,10156,U8285,3,3,68,1,,
H38,614,Y1088,2011-03-20,LOARLOAN,,,982000172933782,20430,UNKNLO,467,W9157,2,2,60,1,,
H38,615,Y1091,2011-03-20,ARLOANAN,,,982000172933726,20437,V131,10157,U8302,3,2,61,1,,
H38,616,Y1102,2011-03-22,LOARLOAN,,,982000172933791,20430,UNKNLO,475,W9207,2,2,54,1,,
H38,617,Y1103,2011-03-22,ARLOARAN,,,982000172933784,20437,V131,10131,U8043,3,2,52,1,,
H38,618,Y1118,2011-03-24,ARANARHH,,,982000172933764,20425,UNKNAR,10057,N3326,8,3,74,1,,
H38,619,Y1119,2011-03-25,ARLOANHH,,,982000172933762,20447,W12,10078,R5282,6,2,84,1,,
H38,620,Y1130,2011-03-26,LOARLOAN,,,982000172933734,20430,UNKNLO,457,W9077,2,3,70,1,,
H38,621,Y1141,2011-03-29,ARLOANHH,,,982000172933772,20425,UNKNAR,10139,U8082,3,2,78,1,,
H38,622,Y1143,2011-03-30,ARLOARHH,,,982000172933756,20425,UNKNAR,10124,U8012,3,3,68,1,,
H38,623,Y1146,2011-03-31,ARLOANHH,,,982000172933744,20425,UNKNAR,10098,S6135,5,3,68,1,,
H38,624,Y1150,2011-04-01,ARLOHH,,,982000172933774,20425,UNKNAR,10070,R5099,6,2,70,1,,
H38,625,Y1154,2011-04-02,ARARLOLO,,,982000172933741,20447,W12,417,U8163,3,2,78,1,,
H38,626,Y1157,2011-04-03,ARLOANHH,,,982000172933752,20425,UNKNAR,10108,S6197,5,3,70,1,,
H38,627,Y1162,2011-04-04,LOLOANAN,,,982000172933755,20133,750S,10118,S6266,5,3,82,1,,
H38,628,Y1163,2011-04-04,LOARLOAN,,,,20430,UNKNLO,452,W9060,2,3,70,1,,
H38,629,Y1167,2011-04-04,LOLOANAN,,,982000172933742,20133,750S,10114,S6244,5,3,64,1,,
H38,630,Y1170,2011-04-02,ARARLOAN,,,982000172933747,20447,W12,403,U8045,3,2,70,1,,
H38,631,Y1172,2011-04-05,LOLOANAR,,,,20133,750S,10148,U8226,3,3,82,1,,
H38,632,Y1176,2011-04-07,ARLOAN,,,982000172933759,20425,UNKNAR,10117,S6259,5,3,62,1,,
H38,633,Y1182,2011-04-08,LOANLOHH,,,982000172933790,20430,UNKNLO,456,W9076,2,3,70,1,,
H38,634,Y1185,2011-04-09,ARLOANHH,,,982000172933745,20425,UNKNAR,10115,S6248,5,3,78,1,,
H38,635,Y1193,2011-04-11,ARARLOAN,,,,20425,UNKNAR,434,U8278,3,2,56,1,,
H38,637,Y1211,2011-04-16,LOARLOAN,,,982000172933795,20430,UNKNLO,466,W9148,2,3,65,1,,
H38,638,Y1221,2011-04-17,ARLOARAN,,,982000172933794,20425,UNKNAR,10134,U8054,3,2,70,1,,
H38,639,YMS04,2011-03-06,ARLOLOAN,,,,20425,UNKNAR,401,U8032,3,2,64,1,,
H38,640,YMS05,2011-03-10,ARARLOAN,,,,20425,UNKNAR,439,U8313,3,2,44,1,,
H38,641,YMS06,2011-03-11,ARARLOHH,,,,20425,UNKNAR,406,U8057,3,3,72,1,,
H38,642,YMS07,2011-03-11,LOARLOAN,,,,20430,UNKNLO,470,W9186,2,2,52,1,,
H38,643,YMS13,2011-02-22,ARLOAN,,,,20447,W12,408,U8080,3,2,54,1,,
H38,644,YMS21,2011-04-04,LOLOANAR,,,,20133,750S,10150,U8236,3,2,68,1,,
H38,645,YMSEarly,2011-02-24,ARLOANAN,,,,20425,UNKNAR,10126,U8019,3,0,0,1,,
H38,646,Z001,1990-03-15,HP,,,,20245,HPX5,-2,Unknown,4,2,84,,,
H38,647,Z002,1990-03-15,HP,,,,20246,HU10,-2,Unknown,5,2,90,,,
H38,648,Z003,1990-03-16,HP,,,,20247,HX15,-2,Unknown,2,2,92,,,
H38,649,Z005,1990-03-16,HP,,,,20246,HU10,-2,Unknown,5,2,74,,,
H38,650,Z006,1990-03-20,HP,,,,20243,HPU2,-2,Unknown,4,2,80,,,
H38,651,Z007,1990-03-21,HP,,,,20246,HU10,-2,Unknown,10,2,94,,,
H38,652,Z008,1990-03-22,HP,,,,20246,HU10,-2,Unknown,7,2,112,,,
H38,653,Z009,1990-03-24,HP,,,,20061,2141,-2,Unknown,5,2,80,,,
H38,654,Z010,1990-03-24,HP,,,,20243,HPU2,-2,Unknown,4,2,62,,,
H38,655,Z011,1990-03-26,HP,,,,20246,HU10,-2,Unknown,11,2,100,,,
H38,656,Z012,1990-03-26,HP,,,,20061,2141,-2,Unknown,6,2,92,,,
H38,657,Z013,1990-03-26,HP,,,,20246,HU10,-2,Unknown,4,2,94,,,
H38,658,Z014,1990-03-27,HP,,,,20245,HPX5,-2,Unknown,5,2,80,,,
H38,659,Z015,1990-03-29,HP,,,,20246,HU10,-2,Unknown,4,2,102,,,
H38,660,Z016,1990-04-09,HP,,,,20245,HPX5,-2,Unknown,5,2,82,,,
H38,661,Z017,1990-04-21,HP,,,,20244,HPU9,-2,Unknown,7,2,84,,,
H38,662,Z018,1990-04-29,HP,,,,20246,HU10,-2,Unknown,9,2,96,,,
H38,663,Z019,1990-05-04,HP,,,,20246,HU10,-2,Unknown,9,2,78,,,
H38,664,Z020,1990-05-15,HP,,,,20245,HPX5,-2,Unknown,7,2,90,,,
H38,665,Z2001,2012-05-01,ARLOAN,,,949000000007586,20437,V131,10088,S6104,6,3,56,1,,
H38,666,Z2003,2012-05-07,ARLOLOAN,,,949000000103766,531,X0100,10195,X0294,2,2,50,1,,
H38,667,Z2005,2012-05-08,ARLOANHH,,,949000000008590,20437,V131,10138,U8081,4,2,60,1,,
H38,668,Z2012,2012-05-12,ARARLOAN,,,,20437,V131,479,W9217,3,3,55,1,,
H38,669,Z2019,2012-05-15,ARLOLOAN,,,949000000006904,20439,V162,409,U8091,4,2,60,1,,
H38,670,Z2024,2012-05-15,ARLOLOAN,,,949000000100203,495,X0025,10196,X0298,2,3,60,1,,
H38,671,Z2025,2012-05-16,ARLOANSM,,,949000000007946,495,X0025,10185,X0264,2,3,65,1,,
H38,672,Z2026,2012-05-16,ARLOARHH,,,949000000007518,20437,V131,10124,U8012,4,2,65,1,,
H38,673,Z2027,2012-05-16,ARLOARAN,,,949000000102384,20425,UNKNAR,10134,U8054,4,3,82,1,,
H38,674,Z2030,2012-05-16,ARLOANAN,,,949000000007754,20437,V131,10113,S6242,6,3,68,1,,
H38,675,Z2031,2012-05-16,ARLOLOAN,,,949000000007884,531,X0100,10193,X0291,2,2,55,1,,
H38,676,Z2032,2012-05-17,ARLOAN,,,949000000008855,20444,W045,10141,U8105,4,2,75,1,,
H38,677,Z2033,2012-05-17,ARARLOAN,,,949000000095491,20439,V162,403,U8045,4,3,75,1,,
H38,678,Z2034,2012-05-17,ARARLOAN,,,949000000008250,20425,UNKNAR,485,W9251,3,3,75,1,,
H38,679,Z2037,2012-05-18,ARLOARAN,,,949000000009163,20425,UNKNAR,10131,U8043,4,3,77,1,,
H38,680,Z2042,2012-05-19,ARARLOLO,,,949000000101246,20444,W045,478,W9215,3,2,80,1,,
H38,681,Z2043,2012-05-19,ANANARMX,,,949000000132746,20424,UNKNAN,10156,U8285,4,2,55,1,,
H38,682,Z2046,2012-05-19,ARLOANHH,,,949000000007264,20425,UNKNAR,10082,S6040,6,2,75,1,,
H38,683,Z2047,2012-05-19,ARLOANGV,,,949000000197192,20439,V162,10059,P4082,8,3,75,1,,
H38,684,Z2051,2012-05-20,ARLOLOAN,,,949000000102593,531,X0100,10187,X0269,2,2,65,1,,
H38,685,Z2052,2012-05-20,ARARLOAN,,,949000000007211,20437,V131,422,U8200,4,2,42,1,,
H38,686,Z2053,2012-05-20,ARANLOAN,,,949000000122342,20437,V131,463,W9123,3,2,65,1,,
H38,687,Z2056,2012-05-20,ARLOHH,,,949000000008438,20439,V162,10070,R5099,7,2,70,1,,
H38,688,Z2060,2012-05-21,ARLOLOAN,,,949000000101668,495,X0025,10191,X0287,2,2,55,1,,
H38,689,Z2062,2012-05-21,ARLOLOAN,,,949000000198653,531,X0100,10194,X0293,2,2,52,1,,
H38,690,Z2063,2012-05-21,ARARLOAN,,,949000000007621,20439,V162,472,W9188,3,2,82,1,,
H38,691,Z2064,2012-05-21,ARLOARAN,,,949000000007641,20439,V162,10129,U8039,4,3,85,1,,
H38,692,Z2070,2012-05-22,ARLOLOAN,,,949000000006832,495,X0025,10183,X0259,2,2,55,1,,
H38,693,Z2072,2012-05-22,ARLOANHH,,,949000000008044,20444,W045,10104,S6183,6,2,80,1,,
H38,694,Z2075,2012-05-22,ARLOLOAN,,,949000000009032,20439,V162,375,S6096,6,2,78,1,,
H38,695,Z2081,2012-05-23,ARLOAN,,,949000000009116,20439,V162,10111,S6230,6,2,73,1,,
H38,696,Z2085,2012-05-24,ARARLOAN,,,949000000101344,20439,V162,480,W9224,3,2,86,1,,
H38,697,Z2086,2012-05-24,ARARLOAN,,,949000000008495,20439,V162,424,U8242,4,2,80,1,,
H38,698,Z2091,2012-05-25,ARLOLOAN,,,949000000006501,495,X0025,10190,X0286,2,3,70,1,,
H38,699,Z2092,2012-05-25,ARLOANAN,,,949000000008651,20439,V162,10086,S6094,6,2,82,1,,
H38,700,Z2093,2012-05-25,ARARLOAN,,,949000000008850,20437,V131,461,W9109,3,3,72,1,,
H38,701,Z2096,2012-05-25,ARLOANHH,,,949000000005913,20437,V131,10078,R5282,7,3,75,1,,
H38,702,Z2097,2012-05-25,ARLOANHH,,,,20447,W12,10115,S6248,6,3,100,1,,
H38,703,Z2098,2012-05-25,ARLOHHAR,,,949000000007274,20439,V162,372,S6072,6,2,72,1,,
H38,704,Z2099,2012-05-25,ARLOARHH,,,949000000108996,20444,W045,10056,N3099,9,2,67,1,,
H38,705,Z2103,2012-05-26,ARLOLOAN,,,949000000196243,531,X0100,10184,X0262,2,2,63,1,,
H38,706,Z2104,2012-05-26,ARARLOAN,,,949000000100973,20447,W12,448,W9053,3,3,90,1,,
H38,707,Z2105,2012-05-26,ARLOANHH,,,949000000007263,20447,W12,10142,U8116,4,3,90,1,,
H38,708,Z2112,2012-05-27,ARANARHH,,,949000000250181,20437,V131,10163,W9070,3,3,80,1,,
H38,709,Z2118,2012-05-28,ARLOLOAN,,,949000000133039,521,X0069,10188,X0271,2,2,75,1,,
H38,710,Z2119,2012-05-28,ARARLOAN,,,949000000009462,20425,UNKNAR,400,U8020,4,2,60,1,,
H38,711,Z2123,2012-05-28,ARLOANHH,,,949000000009472,20437,V131,10103,S6165,6,2,60,1,,
H38,712,Z2125,2012-05-29,ARLOLOAN,,,,495,X0025,10186,X0266,2,2,75,1,,
H38,713,Z2127,2012-05-29,ARLOANHH,,,949000000194301,20437,V131,10108,S6197,6,3,75,1,,
H38,714,Z2128,2012-05-29,ARARLOAN,,,949000000100832,20439,V162,457,W9077,3,3,82,1,,
H38,715,Z2131,2012-05-29,ARLOHHAR,,,949000000005918,20425,UNKNAR,420,U8190,4,3,75,1,,
H38,716,Z2133,2012-05-29,ARARLOAN,,,949000000006513,20425,UNKNAR,467,W9157,3,3,80,3,,
H38,717,Z2134,2012-05-30,ARLOLOHH,,,949000000096964,20439,V162,373,S6093,6,3,75,1,,
H38,718,Z2140,2012-05-30,ARLOANHH,,,949000000008059,20437,V131,10102,S6164,6,3,72,1,,
H38,719,Z2144,2012-05-31,ARARLOAN,,,949000000007957,20425,UNKNAR,471,W9187,3,2,82,1,,
H38,720,Z2145,2012-05-31,ARLOANAN,,,949000000009082,20439,V162,10118,S6266,6,2,75,1,,
H38,721,Z2151,2012-06-01,ARLOLOAN,,,949000000008771,521,X0069,10180,X0087,2,3,60,1,,
H38,722,Z2154,2012-06-01,ARARLOAN,,,949000000015966,20444,W045,402,U8044,4,3,85,1,,
H38,723,Z2155,2012-06-02,ARLOANAN,,,949000000007584,20437,V131,10157,U8302,4,2,85,1,,
H38,724,Z2157,2012-06-02,ARLOLOAR,,,949000000008916,531,X0100,10182,X0180,2,2,75,1,,
H38,725,Z2161,2012-06-02,ARLOLOAR,,,949000000133100,521,X0069,10181,X0089,2,3,75,1,,
H38,726,Z2163,2012-06-02,ARLOANAR,,,949000000008282,20437,V131,10057,N3326,9,2,60,1,,
H38,727,Z2164,2012-06-02,ARLOARHH,,,949000000008063,20439,V162,10095,S6122,6,3,65,1,,
H38,728,Z2171,2012-06-04,ARLOANHH,,,949000000100994,20447,W12,10062,P4108,8,3,75,1,,
H38,729,Z2173,2012-06-04,ARANLOHH,,,949000000040546,20425,UNKNAR,456,W9076,3,3,82,1,,
H38,730,Z2176,2012-06-05,ARLOHHAN,,,949000000008356,20439,V162,10055,N3087,9,3,75,1,,
H38,731,Z2177,2012-06-06,ARLOAN,,,949000000100038,20439,V162,10093,S6115,6,2,80,1,,
H38,732,Z2180,2012-06-09,ARARLOAN,,,949000000101373,20425,UNKNAR,434,U8278,4,3,85,1,,
H38,733,Z2181,2012-06-09,ARANARHP,,,949000000007971,20425,UNKNAR,10167,W9122,3,3,80,1,,
H38,734,Z2182,2012-06-09,ARARANAN,,,949000000006971,20437,V131,10176,W9216,3,2,70,1,,
H38,735,Z2189,2012-06-12,ARLOLOAN,,,949000000007732,531,X0100,10192,X0290,2,2,70,1,,
H38,736,Z2192,2012-06-12,ARLOANAN,,,949000000007303,20447,W12,10096,S6124,6,2,72,1,,
H38,737,Z2200,2012-06-17,ARARLOAN,,,949000000007001,20425,UNKNAR,466,W9148,3,2,58,1,,
H38,738,Z2201,2012-06-17,ARLOANHH,,,949000000182907,20447,W12,10139,U8082,4,2,75,1,,
H38,739,Z2208,2012-06-23,ARARLOAN,,,949000000009164,20439,V162,453,W9069,3,3,70,1,,
H38,740,Z2214,2012-06-24,ARLOANAN,,,949000000101477,20439,V162,10119,S6273,6,3,80,1,,
H38,741,Z2222,2012-07-11,ARARLOLO,,,949000000007259,20437,V131,417,U8163,4,3,70,1,,
H38,742,ZMS06,2012-05-18,ARLOANHH,,,,20439,V162,10156,U8285,4,2,70,4,,
H38,743,ZMS07,2012-05-25,ARLOLOAN,,,,531,X0100,10189,X0279,2,2,70,4,,
H38,744,ZMS09,2012-06-01,ARLOLOAR,,,,531,X0100,10182,X0180,2,3,62,1,,
H38,745,ZMS11,2012-06-08,ARLOLOHH,,,,20439,V162,414,U8133,4,2,80,1,,
H38,746,ZMSNC2,2012-07-17,ARARLOAN,,,,20444,W045,407,U8058,4,0,0,0,,
