chaps_id,birth_date,breed,reg_no,reg_name,elec_id,sire_id,dam_id,sex,sex_date,birth_weight,calving_ease,state,herd_id,cow_age
1,1990-03-06,AN,,,,20177,0,2,0000-00-00,0,0,"2",NULL,NULL
2,1990-03-12,AN,,,,20177,0,2,0000-00-00,0,0,"2",NULL,NULL
3,1990-03-15,CH,,,,20196,0,2,0000-00-00,0,0,"8",NULL,NULL
4,1990-03-15,CH,,,,20196,0,2,0000-00-00,0,0,"9",NULL,NULL
5,1990-03-17,CH,,,,20152,0,2,0000-00-00,0,0,"8",NULL,NULL
6,1990-03-18,CH,,,,20201,0,2,0000-00-00,0,0,"6",NULL,NULL
7,1990-03-18,CH,,,,20196,0,2,0000-00-00,0,0,"6",NULL,NULL
8,1990-03-18,CH,,,,20204,0,2,0000-00-00,0,0,"3",NULL,NULL
9,1990-03-20,CH,,,,20201,0,2,0000-00-00,0,0,"7",NULL,NULL
10,1990-03-21,CH,,,,20196,0,2,0000-00-00,0,0,"8",NULL,NULL
11,1990-03-23,CH,,,,20201,0,2,0000-00-00,0,0,"8",NULL,NULL
12,1990-03-26,CH,,,,20201,0,2,0000-00-00,0,0,"8",NULL,NULL
13,1990-03-27,CH,,,,20201,0,2,0000-00-00,0,0,"7",NULL,NULL
14,1990-03-28,CH,,,,20196,0,2,0000-00-00,0,0,"8",NULL,NULL
15,1990-03-30,CH,,,,20200,0,2,0000-00-00,0,0,"3",NULL,NULL
16,1990-03-31,CH,,,,20200,0,2,0000-00-00,0,0,"5",NULL,NULL
17,1990-04-02,CH,,,,20200,0,2,0000-00-00,0,0,"6",NULL,NULL
18,1990-04-06,CH,,,,20150,0,2,0000-00-00,0,0,"5",NULL,NULL
19,1990-04-08,CH,,,,20197,0,2,0000-00-00,0,0,11,NULL,NULL
20,1990-04-08,CH,,,,20150,0,2,0000-00-00,0,0,"7",NULL,NULL
21,1990-04-13,CH,,,,20198,0,2,0000-00-00,0,0,"5",NULL,NULL
22,1990-04-14,CH,,,,20201,0,2,0000-00-00,0,0,"8",NULL,NULL
23,1990-04-15,CH,,,,20196,0,2,0000-00-00,0,0,"8",NULL,NULL
24,1990-04-25,CH,,,,20201,0,2,0000-00-00,0,0,"9",NULL,NULL
25,1990-04-26,CH,,,,20201,0,2,0000-00-00,0,0,"6",NULL,NULL
26,1990-02-28,CH,,,,20150,0,2,0000-00-00,0,0,"5",NULL,NULL
27,1990-03-01,CH,,,,20150,0,2,0000-00-00,0,0,"6",NULL,NULL
28,1990-03-07,CH,,,,20150,0,2,0000-00-00,0,0,"4",NULL,NULL
29,1990-03-10,CH,,,,20196,0,2,0000-00-00,0,0,"5",NULL,NULL
30,1990-03-10,CH,,,,20210,0,2,0000-00-00,0,0,"7",NULL,NULL
31,1990-03-10,CH,,,,20210,0,2,0000-00-00,0,0,"7",NULL,NULL
32,1990-03-10,CH,,,,20205,0,2,0000-00-00,0,0,"6",NULL,NULL
33,1990-03-12,CH,,,,20205,0,2,0000-00-00,0,0,"7",NULL,NULL
34,1990-03-12,CH,,,,20152,0,2,0000-00-00,0,0,"9",NULL,NULL
35,1990-03-13,CH,,,,20198,0,2,0000-00-00,0,0,"7",NULL,NULL
36,1990-03-13,CH,,,,20210,0,2,0000-00-00,0,0,"6",NULL,NULL
37,1990-03-15,CH,,,,20204,0,2,0000-00-00,0,0,"4",NULL,NULL
38,1990-03-14,CH,,,,20197,0,2,0000-00-00,0,0,"4",NULL,NULL
39,1990-03-15,CH,,,,20202,0,2,0000-00-00,0,0,"6",NULL,NULL
40,1990-03-16,CH,,,,20204,0,2,0000-00-00,0,0,"5",NULL,NULL
41,1990-03-15,CH,,,,20150,0,2,0000-00-00,0,0,"4",NULL,NULL
42,1990-03-16,CH,,,,20210,0,2,0000-00-00,0,0,"8",NULL,NULL
43,1990-03-16,CH,,,,20210,0,2,0000-00-00,0,0,"6",NULL,NULL
44,1990-03-18,CH,,,,20204,0,2,0000-00-00,0,0,"4",NULL,NULL
45,1990-03-19,CH,,,,20200,0,2,0000-00-00,0,0,"9",NULL,NULL
46,1990-03-19,CH,,,,20209,0,2,0000-00-00,0,0,"5",NULL,NULL
47,1990-03-19,CH,,,,20209,0,2,0000-00-00,0,0,"7",NULL,NULL
48,1990-03-22,CH,,,,20197,0,2,0000-00-00,0,0,"4",NULL,NULL
49,1990-03-23,CH,,,,20203,0,2,0000-00-00,0,0,"8",NULL,NULL
50,1990-03-23,CH,,,,20205,0,2,0000-00-00,0,0,"7",NULL,NULL
51,1990-03-23,CH,,,,20204,0,2,0000-00-00,0,0,"5",NULL,NULL
52,1990-03-24,CH,,,,20200,0,2,0000-00-00,0,0,"9",NULL,NULL
53,1990-03-23,CH,,,,20205,0,2,0000-00-00,0,0,"6",NULL,NULL
54,1990-03-26,CH,,,,20205,0,2,0000-00-00,0,0,"6",NULL,NULL
55,1990-03-26,CH,,,,20201,0,2,0000-00-00,0,0,"4",NULL,NULL
56,1990-03-26,CH,,,,20150,0,2,0000-00-00,0,0,"4",NULL,NULL
57,1990-03-28,CH,,,,20203,0,2,0000-00-00,0,0,"5",NULL,NULL
58,1990-03-30,CH,,,,20210,0,2,0000-00-00,0,0,"6",NULL,NULL
59,1990-03-30,CH,,,,20204,0,2,0000-00-00,0,0,"7",NULL,NULL
60,1990-03-30,CH,,,,20152,0,2,0000-00-00,0,0,"5",NULL,NULL
61,1990-03-31,CH,,,,20203,0,2,0000-00-00,0,0,"7",NULL,NULL
62,1990-03-31,CH,,,,20197,0,2,0000-00-00,0,0,"6",NULL,NULL
63,1990-03-31,CH,,,,20197,0,2,0000-00-00,0,0,"9",NULL,NULL
64,1990-03-31,CH,,,,20204,0,2,0000-00-00,0,0,"7",NULL,NULL
65,1990-04-02,CH,,,,20200,0,2,0000-00-00,0,0,"4",NULL,NULL
66,1990-04-06,CH,,,,20197,0,2,0000-00-00,0,0,"4",NULL,NULL
67,1990-04-06,CH,,,,20198,0,2,0000-00-00,0,0,"6",NULL,NULL
68,1990-04-06,CH,,,,20210,0,2,0000-00-00,0,0,"6",NULL,NULL
69,1990-04-08,CH,,,,20205,0,2,0000-00-00,0,0,"7",NULL,NULL
70,1990-04-08,CH,,,,20210,0,2,0000-00-00,0,0,"7",NULL,NULL
71,1990-04-12,CH,,,,20204,0,2,0000-00-00,0,0,"8",NULL,NULL
72,1990-04-21,CH,,,,20197,0,2,0000-00-00,0,0,"4",NULL,NULL
73,1990-05-01,CH,,,,20197,0,2,0000-00-00,0,0,"7",NULL,NULL
74,1993-01-25,LM,,,,20429,0,2,0000-00-00,0,0,"2",NULL,NULL
75,1993-01-28,LM,,,,20429,0,2,0000-00-00,0,0,"2",NULL,NULL
76,1993-01-30,LM,,,,20429,0,2,0000-00-00,0,0,"2",NULL,NULL
77,1993-02-02,CH,,,,20426,0,2,0000-00-00,0,0,"2",NULL,NULL
78,1993-02-03,CH,,,,20426,0,2,0000-00-00,0,0,"2",NULL,NULL
79,1993-02-03,LM,,,,20429,0,2,0000-00-00,0,0,"2",NULL,NULL
80,1993-02-06,LM,,,,20429,0,2,0000-00-00,0,0,"2",NULL,NULL
81,1993-02-11,AN,,,,20175,0,2,0000-00-00,0,0,"2",NULL,NULL
82,1993-02-11,LM,,,,20429,0,2,0000-00-00,0,0,"2",NULL,NULL
83,1993-02-13,AN,,,,20175,0,2,0000-00-00,0,0,"2",NULL,NULL
84,1993-02-13,AN,,,,20175,0,2,0000-00-00,0,0,"2",NULL,NULL
85,1993-02-15,AN,,,,20175,0,2,0000-00-00,0,0,"2",NULL,NULL
86,1993-02-16,AN,,,,20175,0,2,0000-00-00,0,0,"2",NULL,NULL
87,1993-03-01,AN,,,,20172,0,2,0000-00-00,0,0,"2",NULL,NULL
88,1993-03-06,AN,,,,20168,0,2,0000-00-00,0,0,"9",NULL,NULL
89,1993-03-07,AN,,,,20172,0,2,0000-00-00,0,0,"2",NULL,NULL
90,1993-03-07,AN,,,,20168,0,2,0000-00-00,0,0,"9",NULL,NULL
91,1993-03-10,CH,,,,20157,0,2,0000-00-00,0,0,12,NULL,NULL
92,1993-03-10,CH,,,,20157,0,2,0000-00-00,0,0,"7",NULL,NULL
93,1993-03-11,CH,,,,20131,0,2,0000-00-00,0,0,10,NULL,NULL
94,1993-03-11,CH,,,,20426,0,2,0000-00-00,0,0,15,NULL,NULL
95,1993-03-11,CH,,,,20170,0,2,0000-00-00,0,0,11,NULL,NULL
96,1993-03-12,AN,,,,20168,0,2,0000-00-00,0,0,"9",NULL,NULL
97,1993-03-12,CH,,,,20150,0,2,0000-00-00,0,0,"9",NULL,NULL
98,1993-03-14,CH,,,,20162,0,2,0000-00-00,0,0,"7",NULL,NULL
99,1993-03-14,CH,,,,20157,0,2,0000-00-00,0,0,"9",NULL,NULL
100,1993-03-14,CH,,,,20150,0,2,0000-00-00,0,0,"7",NULL,NULL
101,1993-03-14,CH,,,,20000,0,2,0000-00-00,0,0,"8",NULL,NULL
102,1993-03-15,CH,,,,20152,0,2,0000-00-00,0,0,"9",NULL,NULL
103,1993-03-16,CH,,,,20131,0,2,0000-00-00,0,0,"7",NULL,NULL
104,1993-03-16,CH,,,,20131,0,2,0000-00-00,0,0,10,NULL,NULL
105,1993-03-16,CH,,,,20169,0,2,0000-00-00,0,0,10,NULL,NULL
106,1993-03-17,CH,,,,20170,0,2,0000-00-00,0,0,"8",NULL,NULL
107,1993-03-17,CH,,,,20165,0,2,0000-00-00,0,0,"9",NULL,NULL
108,1993-03-18,CH,,,,20000,0,2,0000-00-00,0,0,"9",NULL,NULL
109,1993-03-17,CH,,,,20131,0,2,0000-00-00,0,0,"4",NULL,NULL
110,1993-03-18,CH,,,,20131,0,2,0000-00-00,0,0,"9",NULL,NULL
111,1993-03-18,CH,,,,20165,0,2,0000-00-00,0,0,"9",NULL,NULL
112,1993-03-18,CH,,,,20155,0,2,0000-00-00,0,0,10,NULL,NULL
113,1993-03-18,CH,,,,20131,0,2,0000-00-00,0,0,10,NULL,NULL
114,1993-03-19,CH,,,,20170,0,2,0000-00-00,0,0,"7",NULL,NULL
115,1993-03-20,CH,,,,20155,0,2,0000-00-00,0,0,"8",NULL,NULL
116,1993-03-19,CH,,,,20131,0,2,0000-00-00,0,0,14,NULL,NULL
117,1993-03-20,CH,,,,20169,0,2,0000-00-00,0,0,11,NULL,NULL
118,1993-03-21,CH,,,,20104,0,2,0000-00-00,0,0,10,NULL,NULL
119,1993-03-21,CH,,,,20157,0,2,0000-00-00,0,0,"7",NULL,NULL
120,1993-03-21,CH,,,,20131,0,2,0000-00-00,0,0,"5",NULL,NULL
121,1993-03-22,CH,,,,20157,0,2,0000-00-00,0,0,"7",NULL,NULL
122,1993-03-22,CH,,,,20426,0,2,0000-00-00,0,0,13,NULL,NULL
123,1993-03-19,AN,,,,20173,0,2,0000-00-00,0,0,"2",NULL,NULL
124,1993-03-24,CH,,,,20131,0,2,0000-00-00,0,0,10,NULL,NULL
125,1993-03-25,CH,,,,20165,0,2,0000-00-00,0,0,12,NULL,NULL
126,1993-03-25,CH,,,,20157,0,2,0000-00-00,0,0,"7",NULL,NULL
127,1993-03-26,CH,,,,20170,0,2,0000-00-00,0,0,10,NULL,NULL
128,1993-03-26,CH,,,,20170,0,2,0000-00-00,0,0,"8",NULL,NULL
129,1993-03-26,CH,,,,20114,0,2,0000-00-00,0,0,"6",NULL,NULL
130,1993-03-23,AN,,,,20173,0,2,0000-00-00,0,0,"2",NULL,NULL
131,1993-03-26,CH,,,,20162,0,2,0000-00-00,0,0,"3",NULL,NULL
132,1993-03-27,CH,,,,20170,0,2,0000-00-00,0,0,14,NULL,NULL
133,1993-03-27,CH,,,,20152,0,2,0000-00-00,0,0,"7",NULL,NULL
134,1993-03-27,CH,,,,20114,0,2,0000-00-00,0,0,"4",NULL,NULL
135,1993-03-28,CH,,,,20155,0,2,0000-00-00,0,0,12,NULL,NULL
136,1993-03-27,CH,,,,20131,0,2,0000-00-00,0,0,13,NULL,NULL
137,1993-03-28,CH,,,,20131,0,2,0000-00-00,0,0,"9",NULL,NULL
138,1993-03-28,CH,,,,20157,0,2,0000-00-00,0,0,"7",NULL,NULL
139,1993-03-29,CH,,,,20169,0,2,0000-00-00,0,0,"7",NULL,NULL
140,1993-03-29,CH,,,,20162,0,2,0000-00-00,0,0,"3",NULL,NULL
141,1993-03-30,CH,,,,20162,0,2,0000-00-00,0,0,"3",NULL,NULL
142,1993-03-30,CH,,,,20150,0,2,0000-00-00,0,0,"5",NULL,NULL
143,1993-03-30,CH,,,,20169,0,2,0000-00-00,0,0,"7",NULL,NULL
144,1993-03-30,CH,,,,20162,0,2,0000-00-00,0,0,12,NULL,NULL
145,1993-03-31,CH,,,,20152,0,2,0000-00-00,0,0,"7",NULL,NULL
146,1993-03-31,CH,,,,20169,0,2,0000-00-00,0,0,10,NULL,NULL
147,1993-03-30,CH,,,,20170,0,2,0000-00-00,0,0,"8",NULL,NULL
148,1993-04-01,CH,,,,20162,0,2,0000-00-00,0,0,11,NULL,NULL
149,1993-04-01,CH,,,,20000,0,2,0000-00-00,0,0,"7",NULL,NULL
150,1993-04-02,CH,,,,20157,0,2,0000-00-00,0,0,11,NULL,NULL
151,1993-04-02,CH,,,,20169,0,2,0000-00-00,0,0,"5",NULL,NULL
152,1993-04-01,CH,,,,20155,0,2,0000-00-00,0,0,"9",NULL,NULL
153,1993-04-02,CH,,,,20170,0,2,0000-00-00,0,0,12,NULL,NULL
154,1993-03-31,CH,,,,20162,0,2,0000-00-00,0,0,"3",NULL,NULL
155,1993-04-02,CH,,,,20162,0,2,0000-00-00,0,0,"4",NULL,NULL
156,1993-04-06,CH,,,,20162,0,2,0000-00-00,0,0,"3",NULL,NULL
157,1993-04-03,CH,,,,20157,0,2,0000-00-00,0,0,"8",NULL,NULL
158,1993-04-03,CH,,,,20104,0,2,0000-00-00,0,0,"8",NULL,NULL
159,1993-04-03,CH,,,,20157,0,2,0000-00-00,0,0,12,NULL,NULL
160,1993-04-03,CH,,,,20157,0,2,0000-00-00,0,0,"7",NULL,NULL
161,1993-04-05,CH,,,,20131,0,2,0000-00-00,0,0,"8",NULL,NULL
162,1993-04-06,CH,,,,20131,0,2,0000-00-00,0,0,10,NULL,NULL
163,1993-04-06,CH,,,,20165,0,2,0000-00-00,0,0,"7",NULL,NULL
164,1993-04-06,CH,,,,20155,0,2,0000-00-00,0,0,"4",NULL,NULL
165,1993-04-07,CH,,,,20131,0,2,0000-00-00,0,0,"8",NULL,NULL
166,1993-04-07,CH,,,,20169,0,2,0000-00-00,0,0,12,NULL,NULL
167,1993-04-16,CH,,,,20162,0,2,0000-00-00,0,0,10,NULL,NULL
168,1993-04-07,CH,,,,20170,0,2,0000-00-00,0,0,"9",NULL,NULL
169,1993-04-07,CH,,,,20150,0,2,0000-00-00,0,0,"7",NULL,NULL
170,1993-04-08,CH,,,,20165,0,2,0000-00-00,0,0,"8",NULL,NULL
171,1993-04-08,CH,,,,20157,0,2,0000-00-00,0,0,"8",NULL,NULL
172,1993-04-08,CH,,,,20169,0,2,0000-00-00,0,0,"7",NULL,NULL
173,1993-04-08,CH,,,,20150,0,2,0000-00-00,0,0,"7",NULL,NULL
174,1993-04-09,CH,,,,20165,0,2,0000-00-00,0,0,"4",NULL,NULL
175,1993-04-11,CH,,,,20152,0,2,0000-00-00,0,0,12,NULL,NULL
176,1993-04-11,CH,,,,20157,0,2,0000-00-00,0,0,"7",NULL,NULL
177,1993-04-12,CH,,,,20131,0,2,0000-00-00,0,0,"7",NULL,NULL
178,1993-04-15,CH,,,,20152,0,2,0000-00-00,0,0,"4",NULL,NULL
179,1993-04-16,CH,,,,20169,0,2,0000-00-00,0,0,11,NULL,NULL
180,1993-04-18,CH,,,,20131,0,2,0000-00-00,0,0,"9",NULL,NULL
181,1993-04-18,CH,,,,20162,0,2,0000-00-00,0,0,"3",NULL,NULL
182,1993-04-18,CH,,,,20162,0,2,0000-00-00,0,0,"9",NULL,NULL
183,1993-04-20,CH,,,,20165,0,2,0000-00-00,0,0,10,NULL,NULL
184,1993-04-21,CH,,,,20104,0,2,0000-00-00,0,0,"8",NULL,NULL
185,1993-04-22,CH,,,,20114,0,2,0000-00-00,0,0,"8",NULL,NULL
186,1993-04-22,CH,,,,20155,0,2,0000-00-00,0,0,"8",NULL,NULL
187,1993-04-23,CH,,,,20131,0,2,0000-00-00,0,0,"7",NULL,NULL
188,1993-04-24,CH,,,,20150,0,2,0000-00-00,0,0,"7",NULL,NULL
189,1993-04-28,CH,,,,20114,0,2,0000-00-00,0,0,10,NULL,NULL
190,1993-04-29,CH,,,,20000,0,2,0000-00-00,0,0,"9",NULL,NULL
191,1993-05-03,CH,,,,20150,0,2,0000-00-00,0,0,"7",NULL,NULL
192,1993-05-03,CH,,,,20170,0,2,0000-00-00,0,0,"9",NULL,NULL
193,1993-05-14,CH,,,,20114,0,2,0000-00-00,0,0,12,NULL,NULL
194,1993-05-17,CH,,,,20426,0,2,0000-00-00,0,0,"4",NULL,NULL
195,2013-04-28,LO,,,,20430,10210,3,0000-00-00,1,0,"2",NULL,NULL
196,2013-04-29,LOLOARAN,,,,20430,10198,2,0000-00-00,1,0,"2",NULL,NULL
197,2013-04-30,LOLOANAN,,,,20430,10208,3,0000-00-00,1,0,"2",NULL,NULL
198,2013-05-01,LOLOARAN,,,,20430,10203,2,0000-00-00,1,0,"2",NULL,NULL
199,2013-05-03,ARLOANAN,,,,20437,10184,3,0000-00-00,1,0,"3",NULL,NULL
200,2013-05-03,ARLOANAN,,,,20437,10196,2,0000-00-00,1,0,"3",NULL,NULL
201,2013-05-05,LOLOARAN,,,,20430,10197,3,0000-00-00,1,0,"2",NULL,NULL
202,2013-05-05,ARLOANHH,,,,20435,10142,2,0000-00-00,1,0,"5",NULL,NULL
203,2013-05-06,ARLOANSM,,,,20437,10185,2,0000-00-00,1,0,"3",NULL,NULL
204,2013-05-08,ARLOARHH,,,,20471,10056,3,0000-00-00,1,0,10,NULL,NULL
205,2013-05-08,LOLOARAN,,,,20430,10204,3,0000-00-00,1,0,"2",NULL,NULL
206,2013-05-08,LO,,,,20430,10212,2,0000-00-00,1,0,"2",NULL,NULL
207,2013-05-09,ARLOARAN,,,,20435,10129,3,0000-00-00,1,0,"5",NULL,NULL
208,2013-05-08,ARLOAN,,,,20435,10088,2,0000-00-00,1,0,"7",NULL,NULL
209,2013-05-08,ARLOANAN,,,,20435,10157,3,0000-00-00,1,0,"5",NULL,NULL
210,2013-05-10,ARARLOAN,,,,20435,448,3,0000-00-00,1,0,"4",NULL,NULL
211,2013-05-10,LOLOARHH,,,,20430,10199,3,0000-00-00,1,0,"2",NULL,NULL
212,2013-05-11,ARLOHH,,,,20472,467,3,0000-00-00,1,0,"4",NULL,NULL
213,2013-05-11,ARLOANMX,,,,20437,10183,2,0000-00-00,1,0,"3",NULL,NULL
214,2013-05-12,ARLOARAN,,,,20435,10134,3,0000-00-00,1,0,"5",NULL,NULL
215,2013-05-12,ARLOANHH,,,,20435,10104,3,0000-00-00,1,0,"7",NULL,NULL
216,2013-05-14,ARARLOAN,,,,20447,466,3,0000-00-00,1,0,"4",NULL,NULL
217,2013-05-15,LOLOANAR,,,,20430,10202,3,0000-00-00,1,0,"2",NULL,NULL
218,2013-05-15,ARLOANAN,,,,20437,10188,3,0000-00-00,1,0,"3",NULL,NULL
219,2013-05-15,ARLOANHH,,,,20447,10108,2,0000-00-00,1,0,"7",NULL,NULL
220,2013-05-16,ARLOANHH,,,,20447,10139,3,0000-00-00,1,0,"5",NULL,NULL
221,2013-05-16,ARLOLOHH,,,,20447,373,2,0000-00-00,1,0,"7",NULL,NULL
222,2013-05-16,ARLOANAR,,,,20437,10180,3,0000-00-00,1,0,"3",NULL,NULL
223,2013-05-17,LO,,,,20430,10213,3,0000-00-00,1,0,"2",NULL,NULL
224,2013-05-17,ARARLOAN,,,,20447,471,3,0000-00-00,1,0,"4",NULL,NULL
225,2013-05-18,ARLOHHAR,,,,20472,372,2,0000-00-00,1,0,"7",NULL,NULL
226,2013-05-18,ARLOARHH,,,,20447,10124,2,0000-00-00,1,0,"5",NULL,NULL
227,2013-05-18,ARANARHH,,,,20447,10163,2,0000-00-00,1,0,"4",NULL,NULL
228,2013-05-18,ARARLOAN,,,,20435,400,3,0000-00-00,1,0,"5",NULL,NULL
229,2013-05-19,ARLOAN,,,,20472,10111,3,0000-00-00,1,0,"7",NULL,NULL
230,2013-05-19,ARLOANAN,,,,20437,10194,2,0000-00-00,1,0,"3",NULL,NULL
231,2013-05-19,ARLOANAN,,,,20471,10113,3,0000-00-00,1,0,"7",NULL,NULL
232,2013-05-19,ARLOLOAN,,,,20471,375,2,0000-00-00,1,0,"7",NULL,NULL
233,2013-05-19,ARLOANHH,,,,20435,10138,3,0000-00-00,1,0,"5",NULL,NULL
234,2013-05-19,LOLOANHH,,,,20430,10207,2,0000-00-00,1,0,"2",NULL,NULL
235,2013-05-19,LO,,,,20430,10209,3,0000-00-00,1,0,"2",NULL,NULL
236,2013-05-19,LOLOANHH,,,,20430,10200,3,0000-00-00,1,0,"2",NULL,NULL
237,2013-05-20,LO,,,,20430,10214,2,0000-00-00,1,0,"2",NULL,NULL
238,2013-05-20,ARLOANHH,,,,20471,10062,3,0000-00-00,1,0,"9",NULL,NULL
239,2013-05-20,ARLOANAN,,,,20437,10195,2,0000-00-00,1,0,"3",NULL,NULL
240,2013-05-20,ARLOANHH,,,,20447,10115,3,0000-00-00,1,0,"7",NULL,NULL
241,2013-05-20,LOLOARAN,,,,20430,10206,2,0000-00-00,1,0,"2",NULL,NULL
242,2013-05-21,LOLOARAN,,,,20430,10201,3,0000-00-00,1,0,"2",NULL,NULL
243,2013-05-21,ARLOANHH,,,,20471,10103,2,0000-00-00,1,0,"7",NULL,NULL
244,2013-05-21,ARLOARAN,,,,20437,10181,3,0000-00-00,1,0,"3",NULL,NULL
245,2013-05-21,ARARLOAN,,,,20435,480,3,0000-00-00,1,0,"4",NULL,NULL
246,2013-05-21,ARARLOAN,,,,20447,402,3,0000-00-00,1,0,"5",NULL,NULL
247,2013-05-21,ARLOLOHH,,,,20447,414,2,0000-00-00,1,0,"5",NULL,NULL
248,2013-05-21,ARLOANHH,,,,20472,10102,2,0000-00-00,1,0,"7",NULL,NULL
249,2013-05-22,ARARLOAN,,,,20435,453,2,0000-00-00,1,0,"4",NULL,NULL
250,2013-05-23,ARLOANAN,,,,20447,10086,2,0000-00-00,1,0,"7",NULL,NULL
251,2013-05-24,ARARLOAN,,,,20435,457,2,0000-00-00,1,0,"4",NULL,NULL
252,2013-05-24,ARLOANGV,,,,20471,10059,2,0000-00-00,1,0,"9",NULL,NULL
253,2013-05-24,ARARLOLO,,,,20435,478,3,0000-00-00,1,0,"4",NULL,NULL
254,2013-05-24,ARLOANAN,,,,20447,10096,2,0000-00-00,1,0,"7",NULL,NULL
255,2013-05-25,ARARLOLO,,,,20447,417,3,0000-00-00,1,0,"5",NULL,NULL
256,2013-05-25,ARLOANAN,,,,20437,10192,3,0000-00-00,1,0,"3",NULL,NULL
257,2013-05-25,ARLOANHH,,,,20447,10156,3,0000-00-00,1,0,"5",NULL,NULL
258,2013-05-25,ARLOANAN,,,,20437,10187,2,0000-00-00,1,0,"3",NULL,NULL
259,2013-05-25,ARLOAN,,,,20437,10193,2,0000-00-00,1,0,"3",NULL,NULL
260,2013-05-26,ARLOAN,,,,20447,10093,2,0000-00-00,1,0,"7",NULL,NULL
261,2013-05-26,ARARLOAN,,,,20447,472,3,0000-00-00,1,0,"4",NULL,NULL
262,2013-05-27,ARLOANAN,,,,20437,10191,2,0000-00-00,1,0,"3",NULL,NULL
263,2013-05-29,ARARLOAN,,,,20435,424,3,0000-00-00,1,0,"5",NULL,NULL
264,2013-05-29,ARLOANAN,,,,20472,10119,3,0000-00-00,1,0,"7",NULL,NULL
265,2013-05-29,ARARLOAN,,,,20447,403,2,0000-00-00,1,0,"5",NULL,NULL
266,2013-05-29,LO,,,,20430,10216,3,0000-00-00,1,0,"2",NULL,NULL
267,2013-05-29,ARLOANAN,,,,20447,10118,2,0000-00-00,1,0,"7",NULL,NULL
268,2013-05-30,ARARANAN,,,,20447,10176,2,0000-00-00,1,0,"4",NULL,NULL
269,2013-05-30,ARARLOAN,,,,20435,461,2,0000-00-00,1,0,"4",NULL,NULL
270,2013-06-02,ARLOHHAR,,,,20447,420,3,0000-00-00,1,0,"5",NULL,NULL
271,2013-06-03,ARLOANAN,,,,20437,10186,2,0000-00-00,1,0,"3",NULL,NULL
272,2013-06-03,ARARLOAN,,,,20435,434,2,0000-00-00,1,0,"5",NULL,NULL
273,2013-06-03,ARLOARHH,,,,20472,10095,3,0000-00-00,1,0,"7",NULL,NULL
274,2013-06-03,ARLOARHH,,,,20437,10182,2,0000-00-00,1,0,"3",NULL,NULL
275,2013-06-07,LOLOARAN,,,,20430,10205,2,0000-00-00,1,0,"2",NULL,NULL
276,2013-06-06,ARANLOAN,,,,20435,463,3,0000-00-00,1,0,"4",NULL,NULL
277,2013-06-07,ARANLOHH,,,,20435,456,2,0000-00-00,1,0,"4",NULL,NULL
278,2013-06-09,ARLOARAN,,,,20435,10131,2,0000-00-00,1,0,"5",NULL,NULL
279,2013-05-03,LO,,,,20430,10215,2,0000-00-00,1,0,"2",NULL,NULL
280,2013-06-06,LO,,,,20430,10211,3,0000-00-00,1,0,"2",NULL,NULL
281,2014-04-27,LMLOARAN,,,,20429,10198,2,0000-00-00,1,0,"3",NULL,NULL
282,2014-04-28,ARARLOLO,,,,20437,417,2,0000-00-00,1,0,"6",NULL,NULL
283,2014-04-30,ARLOANGV,,,,20473,10059,3,0000-00-00,1,0,10,NULL,NULL
284,2014-05-01,ARLOANAN,,,,20425,10096,2,0000-00-00,1,0,"8",NULL,NULL
285,2014-05-01,ARLOANAN,,,,20473,10188,2,0000-00-00,1,0,"4",NULL,NULL
286,2014-05-04,ARLOARAN,,,,20425,10134,3,0000-00-00,1,0,"6",NULL,NULL
287,2014-05-05,ARARLOAN,,,,20437,402,3,0000-00-00,1,0,"6",NULL,NULL
288,2014-05-06,ARLOANHH,,,,20447,10138,2,0000-00-00,1,0,"6",NULL,NULL
289,2014-05-06,ARLOARAN,,,,20437,10181,2,0000-00-00,1,0,"4",NULL,NULL
290,2014-05-06,ARLOHHAR,,,,20437,372,2,0000-00-00,1,0,"8",NULL,NULL
291,2014-05-07,ARARLOAN,,,,20437,453,2,0000-00-00,1,0,"5",NULL,NULL
292,2014-05-07,LOLOSHAN,,,,20430,10221,3,0000-00-00,1,0,"2",NULL,NULL
293,2014-05-07,LMLOARAN,,,,20429,10197,3,0000-00-00,1,0,"3",NULL,NULL
294,2014-05-09,LMLO,,,,20429,10212,2,0000-00-00,1,0,"3",NULL,NULL
295,2014-05-09,LOLOANAR,,,,20430,10218,2,0000-00-00,1,0,"2",NULL,NULL
296,2014-05-09,ARARLOAN,,,,20447,472,2,0000-00-00,1,0,"5",NULL,NULL
297,2014-05-09,ARARLOAN,,,,20425,466,2,0000-00-00,1,0,"5",NULL,NULL
298,2014-05-10,ARLOLOHH,,,,20437,414,3,0000-00-00,1,0,"6",NULL,NULL
299,2014-05-10,ARLOARAN,,,,20437,10129,3,0000-00-00,1,0,"6",NULL,NULL
300,2014-05-10,ARLOANHH,,,,20437,10102,3,0000-00-00,1,0,"8",NULL,NULL
301,2014-05-10,ARLOHHAR,,,,20473,420,2,0000-00-00,1,0,"6",NULL,NULL
302,2014-05-11,LMLO,,,,20429,10214,3,0000-00-00,1,0,"3",NULL,NULL
303,2014-05-11,ARLOANAN,,,,20473,10192,3,0000-00-00,1,0,"4",NULL,NULL
304,2014-05-12,ARLOANHH,,,,20437,10115,3,0000-00-00,1,0,"8",NULL,NULL
305,2014-05-12,ARLOANAN,,,,20437,10184,2,0000-00-00,1,0,"4",NULL,NULL
306,2014-05-12,ARLOAN,,,,20473,10093,2,0000-00-00,1,0,"8",NULL,NULL
307,2014-05-12,LMLO,,,,20429,10213,3,0000-00-00,1,0,"3",NULL,NULL
308,2014-05-13,LOLOARGV,,,,20430,10222,3,0000-00-00,1,0,"2",NULL,NULL
309,2014-05-13,ARLOLOHH,,,,20437,373,3,0000-00-00,1,0,"8",NULL,NULL
310,2014-05-14,LMLO,,,,20429,10216,3,0000-00-00,1,0,"3",NULL,NULL
311,2014-05-14,LMANLOHH,,,,20429,456,3,0000-00-00,1,0,"5",NULL,NULL
312,2014-05-14,ARLOANAN,,,,20437,10187,2,0000-00-00,1,0,"4",NULL,NULL
313,2014-05-15,ARLOAN,,,,20447,10088,3,0000-00-00,1,0,"8",NULL,NULL
314,2014-05-15,ARLOANAN,,,,20447,10195,2,0000-00-00,1,0,"4",NULL,NULL
315,2014-05-15,LOLOARGV,,,,20430,10220,2,0000-00-00,1,0,"2",NULL,NULL
316,2014-05-16,ARLOANAR,,,,20437,10180,3,0000-00-00,1,0,"4",NULL,NULL
317,2014-05-16,ARLOANHH,,,,20437,10142,2,0000-00-00,1,0,"6",NULL,NULL
318,2014-05-17,LMLO,,,,20429,10210,3,0000-00-00,1,0,"3",NULL,NULL
319,2014-05-17,LOLOANGV,,,,20430,10217,3,0000-00-00,1,0,"2",NULL,NULL
320,2014-05-18,ARARLOAN,,,,20437,461,2,0000-00-00,1,0,"5",NULL,NULL
321,2014-05-19,ARLOANHH,,,,20473,10104,2,0000-00-00,1,0,"8",NULL,NULL
322,2014-05-19,ARLOAN,,,,20447,10111,3,0000-00-00,1,0,"8",NULL,NULL
323,2014-05-20,ARARLOAN,,,,20447,403,2,0000-00-00,1,0,"6",NULL,NULL
324,2014-05-20,ARLOANHH,,,,20437,10139,3,0000-00-00,1,0,"6",NULL,NULL
325,2014-05-21,ARARLOAN,,,,20447,480,2,0000-00-00,1,0,"5",NULL,NULL
326,2014-05-21,LMANLOAN,,,,20429,463,2,0000-00-00,1,0,"5",NULL,NULL
327,2014-05-22,ARARLOAN,,,,20437,424,3,0000-00-00,1,0,"6",NULL,NULL
328,2014-05-24,ARARLOAN,,,,20473,457,2,0000-00-00,1,0,"5",NULL,NULL
329,2014-05-25,ARLOLOAN,,,,20447,375,2,0000-00-00,1,0,"8",NULL,NULL
330,2014-05-25,ARLOANAN,,,,20447,10196,3,0000-00-00,1,0,"4",NULL,NULL
331,2014-05-25,ARANARHH,,,,20473,10163,2,0000-00-00,1,0,"5",NULL,NULL
332,2014-05-26,LMLO,,,,20429,10209,3,0000-00-00,1,0,"3",NULL,NULL
333,2014-05-27,ARLOANMX,,,,20447,10183,3,0000-00-00,1,0,"4",NULL,NULL
334,2014-05-28,ARARANAN,,,,20447,10176,3,0000-00-00,1,0,"5",NULL,NULL
335,2014-05-28,ARLOANAN,,,,20437,10118,3,0000-00-00,1,0,"8",NULL,NULL
336,2014-05-28,ARLOANAN,,,,20425,10186,2,0000-00-00,1,0,"4",NULL,NULL
337,2014-05-28,ARLOANSM,,,,20437,10185,3,0000-00-00,1,0,"4",NULL,NULL
338,2014-05-28,ARLOANAN,,,,20447,10157,2,0000-00-00,1,0,"6",NULL,NULL
339,2014-05-28,ARLOANHH,,,,20447,10156,3,0000-00-00,1,0,"6",NULL,NULL
340,2014-05-28,ARARLOAN,,,,20447,448,2,0000-00-00,1,0,"5",NULL,NULL
341,2014-05-29,ARARLOAN,,,,20447,400,2,0000-00-00,1,0,"6",NULL,NULL
342,2014-05-31,ARLOARHH,,,,20437,10095,3,0000-00-00,1,0,"8",NULL,NULL
343,2014-06-01,LMLOARHH,,,,20429,10199,3,0000-00-00,1,0,"3",NULL,NULL
344,2014-06-01,ARLOANHH,,,,20447,10108,3,0000-00-00,1,0,"8",NULL,NULL
345,2014-06-03,LMLOARAN,,,,20429,10204,3,0000-00-00,1,0,"3",NULL,NULL
346,2014-06-03,ARLOANAN,,,,20447,10119,3,0000-00-00,1,0,"8",NULL,NULL
347,2014-06-04,LMLOANAR,,,,20429,10202,2,0000-00-00,1,0,"3",NULL,NULL
348,2014-06-04,LMLOARAN,,,,20429,10201,2,0000-00-00,1,0,"3",NULL,NULL
349,2014-06-04,ARLOANAN,,,,20437,10194,2,0000-00-00,1,0,"4",NULL,NULL
350,2014-06-05,ARLOANAN,,,,20447,10191,2,0000-00-00,1,0,"4",NULL,NULL
351,2014-06-05,ARARLOLO,,,,20425,478,2,0000-00-00,1,0,"5",NULL,NULL
352,2014-06-08,LMLOARAN,,,,20429,10206,2,0000-00-00,1,0,"3",NULL,NULL
353,2014-06-11,ARLOANAN,,,,20447,10086,3,0000-00-00,1,0,"8",NULL,NULL
354,2014-06-12,ARARLOAN,,,,20447,434,3,0000-00-00,1,0,"6",NULL,NULL
355,2014-06-15,ARLOARAN,,,,20425,10203,3,0000-00-00,1,0,"3",NULL,NULL
356,2014-06-15,ARLOANHH,,,,20425,10200,2,0000-00-00,1,0,"3",NULL,NULL
357,2014-06-16,LOLOSHAR,,,,20430,10219,3,0000-00-00,1,0,"2",NULL,NULL
358,2014-06-16,ARARLOAN,,,,20447,471,3,0000-00-00,1,0,"5",NULL,NULL
359,2014-06-17,ARLOARAN,,,,20425,10205,3,0000-00-00,1,0,"3",NULL,NULL
360,2014-06-23,ARLOANHH,,,,20447,10103,2,0000-00-00,1,0,"8",NULL,NULL
361,2014-04-02,ARLOAN,,,,20425,10193,0,0000-00-00,1,0,"4",NULL,NULL
362,2014-04-28,ARLOANAN,,,,20437,10113,2,0000-00-00,1,0,"8",NULL,NULL
363,2014-05-25,ARLOARHH,,,,20447,10182,3,0000-00-00,1,0,"4",NULL,NULL
364,1990-03-07,CH,,,,20205,0,2,0000-00-00,0,0,"7",NULL,NULL
365,1990-04-24,CH,,,,20205,0,2,0000-00-00,0,0,"7",NULL,NULL
366,1990-04-16,CH,,,,20203,0,2,0000-00-00,0,0,"6",NULL,NULL
367,2005-03-21,LOAN,,,985152000329621,20087,10055,3,0000-00-00,1,0,"2",NULL,NULL
368,2005-04-03,LOHHARHH,,,985152000329612,20087,10056,3,0000-00-00,1,0,"2",NULL,NULL
369,0000-00-00,LOANARHH,,,9.82E+14,307,0,2,0000-00-00,0,0,,"H38",NULL
370,2006-03-23,LOLOANHH,,,999000000000160,20087,10062,3,0000-00-00,1,0,"2",NULL,NULL
371,2006-03-26,LOLOANAN,,,999000000004133,20087,10060,3,0000-00-00,1,0,"2",NULL,NULL
372,0000-00-00,LOHHARHH,,,9.49E+14,307,0,2,0000-00-00,0,0,,"H38",NULL
373,0000-00-00,LOLOHHAN,,,9.49E+14,307,0,2,0000-00-00,0,0,,"H38",NULL
374,2006-03-28,LOLOANGV,,,999000000004019,20087,10059,3,0000-00-00,1,0,"2",NULL,NULL
375,0000-00-00,LOLOANAR,,,9.82E+14,307,0,2,0000-00-00,0,0,,"H38",NULL
376,2006-03-31,LOANARHH,,,999000000000195,20087,10057,3,0000-00-00,1,0,"3",NULL,NULL
377,0000-00-00,LOAN,,,9.82E+14,307,0,2,0000-00-00,0,0,,"H38",NULL
378,2006-04-10,LOLOAN,,,999000000000013,20087,10061,3,0000-00-00,1,0,"2",NULL,NULL
379,2007-03-15,LOLOANAN,,,,20087,10072,3,0000-00-00,1,0,"2",NULL,NULL
380,2007-03-15,LOLOANAN,,,949000000006975,20087,10060,3,0000-00-00,1,0,"3",NULL,NULL
381,2007-03-17,LOLOANAR,,,949000000109223,20087,369,2,0000-00-00,1,0,"2",NULL,NULL
382,2007-03-17,LOLOANHH,,,949000000207847,20087,10062,2,0000-00-00,1,0,"3",NULL,NULL
383,2007-03-25,LOANARHH,,,949000000106312,20087,10057,2,0000-00-00,1,0,"4",NULL,NULL
384,2007-03-27,LOLOHH,,,949000000008264,20087,10070,3,0000-00-00,3,0,"2",NULL,NULL
385,2007-03-28,LOAN,,,949000000069640,20087,10055,2,0000-00-00,1,0,"4",NULL,NULL
386,2007-03-28,LOLOANAR,,,949000000234322,20087,10063,2,0000-00-00,1,0,"3",NULL,NULL
387,2007-03-29,LOLOANHH,,,,20087,10069,3,0000-00-00,1,0,"2",NULL,NULL
388,2007-03-29,LOLOANGV,,,949000000008426,20087,10059,3,0000-00-00,1,0,"3",NULL,NULL
389,2007-03-30,LOHHARHH,,,949000000006036,20087,10056,3,0000-00-00,1,0,"4",NULL,NULL
390,2007-04-01,LOLOAN,,,949000000105846,20087,10061,2,0000-00-00,1,0,"3",NULL,NULL
391,2007-04-02,LOLOANHH,,,949000000177825,20087,10078,2,0000-00-00,1,0,"2",NULL,NULL
392,2007-04-07,LOLOHHAN,,,949000000007431,20087,10064,3,0000-00-00,1,0,"3",NULL,NULL
393,2007-05-07,LOLOANHH,,,,20087,10074,3,0000-00-00,1,0,"2",NULL,NULL
394,2007-05-11,LOLOHHHH,,,949000000234168,20087,10077,2,0000-00-00,1,0,"2",NULL,NULL
395,0000-00-00,LOLOANAR,,,9.49E+14,307,0,2,0000-00-00,0,0,,"H38",NULL
396,0000-00-00,LOANARHH,,,9.49E+14,307,0,2,0000-00-00,0,0,,"H38",NULL
397,2008-03-19,ARLOANAN,,,949000000039695,20360,10106,2,0000-00-00,1,0,"2",NULL,NULL
398,0000-00-00,LOLOANAN,,,9.49E+14,307,0,2,0000-00-00,0,0,,"H38",NULL
399,2008-03-20,LOLOANAR,,,949000000008412,20087,369,2,0000-00-00,1,0,"3",NULL,NULL
400,0000-00-00,ARLOAN,,,9.49E+14,0,0,2,0000-00-00,0,0,,"H38",NULL
401,0000-00-00,LOLOANGV,,,9.49E+14,307,0,2,0000-00-00,0,0,,"H38",NULL
402,0000-00-00,ARLOANAN,,,9.49E+14,0,0,2,0000-00-00,0,0,,"H38",NULL
403,0000-00-00,ARLOAN,,,9.49E+14,0,0,2,0000-00-00,0,0,,"H38",NULL
404,2008-03-25,ARLOANAN,,,949000000008742,20360,10101,3,0000-00-00,1,0,"2",NULL,NULL
405,2008-03-25,ARLOANHH,,,949000000071519,20360,10104,3,0000-00-00,1,0,"2",NULL,NULL
406,0000-00-00,ARLOHHAR,,,9.49E+14,0,0,2,0000-00-00,0,0,,"H38",NULL
407,0000-00-00,ARLOAN,,,9.49E+14,0,0,2,0000-00-00,0,0,,"H38",NULL
408,0000-00-00,LOAN,,,9.49E+14,307,0,2,0000-00-00,0,0,,"H38",NULL
409,0000-00-00,LOLOANHH,,,9.49E+14,307,0,2,0000-00-00,0,0,,"H38",NULL
410,2008-03-28,LOLOHH,,,949000000072180,20087,10070,2,0000-00-00,1,0,"3",NULL,NULL
411,2008-03-28,LOLOANHH,,,949000000199224,20087,10062,3,0000-00-00,1,0,"4",NULL,NULL
412,2008-03-29,ARLOANAN,,,949000000074863,20360,10086,2,0000-00-00,1,0,"2",NULL,NULL
413,2008-03-30,ARLOANAN,,,949000000103216,20360,10118,3,0000-00-00,1,0,"2",NULL,NULL
414,0000-00-00,LOLOHHAN,,,9.49E+14,307,0,2,0000-00-00,0,0,,"H38",NULL
415,2008-04-02,ARLOARHP,,,949000000007910,20360,10097,2,0000-00-00,1,0,"2",NULL,NULL
416,2008-04-03,LOLOHHHH,,,949000000070538,20087,10077,3,0000-00-00,1,0,"3",NULL,NULL
417,0000-00-00,ARLOLOHH,,,9.49E+14,0,0,2,0000-00-00,0,0,,"H38",NULL
418,2008-04-06,ARLOANAR,,,949000000016004,20360,10110,3,0000-00-00,1,0,"2",NULL,NULL
419,2008-04-07,ARLOHHHH,,,,20360,10084,2,0000-00-00,1,0,"2",NULL,NULL
420,0000-00-00,LOHHARHH,,,9.49E+14,307,0,2,0000-00-00,0,0,,"H38",NULL
421,2008-04-07,LOLOANHH,,,949000000039865,20087,10074,2,0000-00-00,1,0,"3",NULL,NULL
422,0000-00-00,ARLOANHH,,,9.49E+14,0,0,2,0000-00-00,0,0,,"H38",NULL
423,2008-04-09,ARLOANAN,,,,20360,10109,2,0000-00-00,1,0,"2",NULL,NULL
424,0000-00-00,ARLOANHH,,,9.49E+14,0,0,2,0000-00-00,0,0,,"H38",NULL
425,2008-04-16,ARLOARHH,,,,20360,10095,3,0000-00-00,3,0,"2",NULL,NULL
426,0000-00-00,ARLOANHH,,,9.49E+14,0,0,2,0000-00-00,0,0,,"H38",NULL
427,2008-04-17,ARLOANHH,,,949000000196405,20360,10102,3,0000-00-00,1,0,"2",NULL,NULL
428,2008-04-17,ARLOANAN,,,949000000076212,20360,10119,2,0000-00-00,1,0,"2",NULL,NULL
429,0000-00-00,ARLOANAN,,,9.49E+14,0,0,2,0000-00-00,0,0,,"H38",NULL
430,2008-04-19,ARLOANHH,,,949000000246362,20360,10099,3,0000-00-00,1,0,"2",NULL,NULL
431,2008-04-19,LOLOAN,,,949000000089807,20087,10061,3,0000-00-00,1,0,"4",NULL,NULL
432,2008-04-20,ARLOANAN,,,949000000007609,20360,10096,3,0000-00-00,1,0,"2",NULL,NULL
433,2008-04-20,ARLOAN,,,949000000008298,20360,10093,3,0000-00-00,1,0,"2",NULL,NULL
434,0000-00-00,ARLOAN,,,9.49E+14,0,0,2,0000-00-00,0,0,,"H38",NULL
435,2008-04-27,ARLOANHH,,,,20360,10116,3,0000-00-00,5,0,"2",NULL,NULL
436,2008-04-30,ARLOANHH,,,949000000077530,20360,10082,3,0000-00-00,1,0,"2",NULL,NULL
437,2008-05-01,ARLOANAN,,,,20360,10091,2,0000-00-00,1,0,"2",NULL,NULL
438,2008-05-05,ARLOLOAN,,,949000000039296,20360,375,3,0000-00-00,1,0,"2",NULL,NULL
439,0000-00-00,ARLOAN,,,9.49E+14,0,0,2,0000-00-00,0,0,,"H38",NULL
440,2008-05-12,ARLOANHH,,,949000000199725,20360,10108,3,0000-00-00,1,0,"2",NULL,NULL
441,2008-05-14,ARLOAN,,,949000000078689,20360,10092,2,0000-00-00,1,0,"2",NULL,NULL
442,2008-05-16,ARLOANHH,,,949000000015656,20360,10103,3,0000-00-00,1,0,"2",NULL,NULL
443,2008-03-06,LOANHP,,,,20423,10089,0,0000-00-00,1,0,"2",NULL,NULL
444,2008-03-05,LOANAR,,,,20423,10090,0,0000-00-00,1,0,"2",NULL,NULL
445,2009-03-20,ARLOANHH,,,,20360,10115,3,0000-00-00,1,0,"3",NULL,NULL
446,2009-03-22,ANLOANHH,,,,20139,10062,3,0000-00-00,1,0,"5",NULL,NULL
447,2009-03-22,ARLOLOAN,,,,20360,375,2,0000-00-00,1,0,"3",NULL,NULL
448,0000-00-00,ARLOAN,,,9.82E+14,0,0,2,0000-00-00,0,0,,"H38",NULL
449,2009-03-23,AN,,,,20139,10055,2,0000-00-00,1,0,"6",NULL,NULL
450,2009-03-23,SHHHARHH,,,,20431,10056,3,0000-00-00,1,0,"6",NULL,NULL
451,2009-03-23,ARLOAN,,,,20360,10107,3,0000-00-00,1,0,"3",NULL,NULL
452,0000-00-00,ARLOANHH,,,9.82E+14,0,0,2,0000-00-00,0,0,,"H38",NULL
453,0000-00-00,ARLOANAN,,,9.82E+14,0,0,2,0000-00-00,0,0,,"H38",NULL
454,2009-03-26,ARLOHHAR,,,,20360,372,2,0000-00-00,1,0,"3",NULL,NULL
455,2009-03-26,ARLOANAN,,,,20425,10113,3,0000-00-00,1,0,"3",NULL,NULL
456,0000-00-00,ANLOHH,,,9.82E+14,7,0,2,0000-00-00,0,0,,"H38",NULL
457,0000-00-00,ARLOAN,,,9.82E+14,0,0,2,0000-00-00,0,0,,"H38",NULL
458,2009-03-28,ARLOANHH,,,,20360,10116,3,0000-00-00,1,0,"3",NULL,NULL
459,2009-03-31,ARLOANAN,,,,20425,10109,3,0000-00-00,1,0,"3",NULL,NULL
460,2009-03-31,ARLOANAR,,,,20360,10110,3,0000-00-00,1,0,"3",NULL,NULL
461,0000-00-00,ARLOANAN,,,9.82E+14,0,0,2,0000-00-00,0,0,,"H38",NULL
462,2009-04-01,ARLOANHH,,,,20360,10098,3,0000-00-00,1,0,"3",NULL,NULL
463,0000-00-00,ANLOANGV,,,9.82E+14,7,0,2,0000-00-00,0,0,,"H38",NULL
464,2009-04-01,ARLOANHH,,,,20360,10108,3,0000-00-00,1,0,"3",NULL,NULL
465,2009-04-01,ANLOHHAN,,,,20139,10064,3,0000-00-00,1,0,"5",NULL,NULL
466,0000-00-00,ARLOANHH,,,9.82E+14,0,0,2,0000-00-00,0,0,,"H38",NULL
467,0000-00-00,ARLOANAN,,,9.82E+14,0,0,2,0000-00-00,0,0,,"H38",NULL
468,2009-04-04,ARLOAN,,,,20360,10117,3,0000-00-00,3,0,"3",NULL,NULL
469,2009-04-07,ARLOANAN,,,,20360,10118,3,0000-00-00,1,0,"3",NULL,NULL
470,0000-00-00,ARLOANHH,,,9.82E+14,0,0,2,0000-00-00,0,0,,"H38",NULL
471,0000-00-00,ARLOANAN,,,9.82E+14,0,0,2,0000-00-00,0,0,,"H38",NULL
472,0000-00-00,ARLOANHH,,,9.82E+14,0,0,2,0000-00-00,0,0,,"H38",NULL
473,2009-04-09,ARLOHHHH,,,,20361,10077,3,0000-00-00,1,0,"4",NULL,NULL
474,2009-04-10,ARLOAN,,,,20360,10093,3,0000-00-00,1,0,"3",NULL,NULL
475,0000-00-00,ARLOANAN,,,9.82E+14,0,0,2,0000-00-00,0,0,,"H38",NULL
476,2009-04-13,ARLOAN,,,,20360,377,3,0000-00-00,1,0,"3",NULL,NULL
477,2009-04-15,ARLOANAR,,,,20363,10063,3,0000-00-00,1,0,"5",NULL,NULL
478,0000-00-00,ARLOLOHH,,,9.82E+14,0,0,2,0000-00-00,0,0,,"H38",NULL
479,0000-00-00,ARLOANHH,,,9.82E+14,0,0,2,0000-00-00,0,0,,"H38",NULL
480,0000-00-00,ARLOANHH,,,9.82E+14,0,0,2,0000-00-00,0,0,,"H38",NULL
481,2009-04-19,ARLOARHH,,,,20360,10095,3,0000-00-00,1,0,"3",NULL,NULL
482,2009-04-21,ARANARHH,,,,20355,10057,3,0000-00-00,1,0,"6",NULL,NULL
483,2009-04-25,ARLOANHH,,,,20360,10103,3,0000-00-00,1,0,"3",NULL,NULL
484,2009-04-28,ARLOANAN,,,,20425,10114,3,0000-00-00,1,0,"3",NULL,NULL
485,0000-00-00,ARLOAN,,,9.82E+14,0,0,2,0000-00-00,0,0,,"H38",NULL
486,2009-05-18,LOANANAN,,,,20423,10106,0,0000-00-00,1,0,"3",NULL,NULL
487,2010-02-23,ARLOAN,,,999000000013003,20425,10141,2,0000-00-00,1,0,"2",NULL,NULL
488,2010-02-28,ARLOAN,,,982000128139018,20425,408,3,0000-00-00,1,0,"2",NULL,NULL
489,2010-03-01,ARARLOHH,,,982000128138643,20425,406,3,0000-00-00,1,0,"2",NULL,NULL
490,2010-03-01,ARLOARAN,,,999000000013012,20425,10129,2,0000-00-00,1,0,"2",NULL,NULL
491,2010-03-01,ARARLOAN,,,999000000013016,20425,402,2,0000-00-00,1,0,"2",NULL,NULL
492,2010-03-03,ARLOARHH,,,999000000013019,20425,10124,2,0000-00-00,1,0,"2",NULL,NULL
493,2010-03-03,ARLOLOAN,,,982000128138909,20425,398,3,0000-00-00,1,0,"2",NULL,NULL
494,2010-03-04,ARLOANHH,,,982000128138957,20425,10142,3,0000-00-00,1,0,"2",NULL,NULL
495,2010-03-05,ARLOHHAR,,,982000128138675,20425,420,1,0000-00-00,5,0,"2",NULL,NULL
496,2010-03-05,ARARLOAN,,,999000000013026,20425,424,2,0000-00-00,1,0,"2",NULL,NULL
497,2010-03-05,ARARLOAN,,,999000000013029,20425,400,2,0000-00-00,1,0,"2",NULL,NULL
498,2010-03-05,ARARLOAN,,,999000000013030,20425,403,2,0000-00-00,1,0,"2",NULL,NULL
499,2010-03-07,ARLOANAN,,,999000000013032,20425,10157,2,0000-00-00,1,0,"2",NULL,NULL
500,2010-03-07,ARLOAN,,,982000128138532,20425,10149,1,0000-00-00,1,0,"2",NULL,NULL
501,2010-03-08,ARARLOAN,,,999000000013034,20425,422,2,0000-00-00,1,0,"2",NULL,NULL
502,2010-03-08,ARARLOAN,,,,20425,429,2,0000-00-00,1,0,"2",NULL,NULL
503,2010-03-10,ARLOANHH,,,999000000013036,20425,10078,2,0000-00-00,1,0,"5",NULL,NULL
504,2010-03-11,ARLOANHH,,,999000000013039,20436,10115,2,0000-00-00,1,0,"4",NULL,NULL
505,2010-03-12,ARLOANAN,,,982000128138742,20425,10126,3,0000-00-00,1,0,"2",NULL,NULL
506,2010-03-12,ARLOANHH,,,999000000013041,20425,10139,1,0000-00-00,1,0,"2",NULL,NULL
507,2010-03-13,ARLOANAR,,,982000128138826,20425,396,3,0000-00-00,1,0,"2",NULL,NULL
508,2010-03-13,ARLOANHH,,,999000000013044,20440,10062,2,0000-00-00,1,0,"6",NULL,NULL
509,2010-03-13,ARLOANHP,,,982000128138634,20425,10153,3,0000-00-00,5,0,"2",NULL,NULL
510,2010-03-14,ARLOANAR,,,982000128138738,20436,10057,1,0000-00-00,1,0,"7",NULL,NULL
511,2010-03-14,ARLOANHH,,,999000000013048,20425,10116,2,0000-00-00,1,0,"4",NULL,NULL
512,2010-03-14,ARLOANAN,,,999000000013049,20425,10109,2,0000-00-00,1,0,"4",NULL,NULL
513,2010-03-15,ARLOANAR,,,999000000013052,20425,10063,2,0000-00-00,1,0,"6",NULL,NULL
514,2010-03-15,ARLOANAN,,,982000128138709,20425,10144,3,0000-00-00,1,0,"2",NULL,NULL
515,2010-03-15,ARLOLOAN,,,999000000013054,20425,395,2,0000-00-00,1,0,"2",NULL,NULL
516,2010-03-16,ARLOANAN,,,999000000013056,20425,10101,2,0000-00-00,1,0,"4",NULL,NULL
517,2010-03-18,ARLOANHH,,,999000000013059,20425,10156,2,0000-00-00,1,0,"2",NULL,NULL
518,2010-03-18,ARLOANGV,,,982000128138843,20425,10059,3,0000-00-00,1,0,"6",NULL,NULL
519,2010-03-18,ARLOANHH,,,999000000013061,20425,10082,1,0000-00-00,1,0,"4",NULL,NULL
520,2010-03-18,ARLOANAN,,,982000128138539,20425,10096,1,0000-00-00,1,0,"4",NULL,NULL
521,2010-03-19,ARLOAN,,,982000128138881,20441,10055,1,0000-00-00,1,0,"7",NULL,NULL
522,2010-03-19,ARLOAN,,,999000000013070,20425,10093,2,0000-00-00,1,0,"4",NULL,NULL
523,2010-03-19,ARLOAN,,,999000000013071,20425,10107,2,0000-00-00,1,0,"4",NULL,NULL
524,2010-03-20,ARLOAN,,,999000000013072,20436,10117,2,0000-00-00,1,0,"4",NULL,NULL
525,2010-03-20,ARLOARHH,,,982000128138622,20425,10130,3,0000-00-00,3,0,"2",NULL,NULL
526,2010-03-21,ARLOANHH,,,982000128138760,20436,10104,1,0000-00-00,1,0,"4",NULL,NULL
527,2010-03-23,ARLOARHH,,,999000000013085,20436,10056,2,0000-00-00,1,0,"7",NULL,NULL
528,2010-03-25,LOLOHHAR,,,982000128138533,20430,372,3,0000-00-00,1,0,"4",NULL,NULL
529,2010-03-26,ARLOANAN,,,999000000013095,20436,10113,2,0000-00-00,1,0,"4",NULL,NULL
530,2010-03-26,ARLOARAN,,,982000128138653,20425,10131,3,0000-00-00,1,0,"2",NULL,NULL
531,2010-03-27,ARLOLOAN,,,982000128138659,20436,375,1,0000-00-00,1,0,"4",NULL,NULL
532,2010-03-27,ARLOANHH,,,982000128138735,20425,10138,3,0000-00-00,1,0,"2",NULL,NULL
533,2010-03-28,ARLOARHH,,,982000128138660,20436,10095,1,0000-00-00,1,0,"4",NULL,NULL
534,2010-03-29,ARLOANHH,,,982000128138598,20436,10074,3,0000-00-00,1,0,"5",NULL,NULL
535,2010-03-29,ARLOANHH,,,982000128138627,20436,10102,3,0000-00-00,1,0,"4",NULL,NULL
536,2010-03-30,ARLOANHH,,,999000000013125,20436,10105,2,0000-00-00,1,0,"4",NULL,NULL
537,2010-03-30,ARLOANAN,,,982000128138525,20440,10119,1,0000-00-00,1,0,"4",NULL,NULL
538,2010-03-31,ARARLOAN,,,999000000013128,20425,439,2,0000-00-00,1,0,"2",NULL,NULL
539,2010-03-31,ARLOANAN,,,999000000013129,20436,10114,2,0000-00-00,1,0,"4",NULL,NULL
540,2010-04-02,ARARLOAN,,,999000000013144,20425,434,2,0000-00-00,1,0,"2",NULL,NULL
541,2010-04-03,ARLOLOHH,,,999000000013145,20440,373,2,0000-00-00,1,0,"4",NULL,NULL
542,2010-04-03,ARLOANHH,,,999000000013146,20436,10103,2,0000-00-00,1,0,"4",NULL,NULL
543,2010-04-04,ARARLOLO,,,982000128138721,20425,417,1,0000-00-00,1,0,"2",NULL,NULL
544,2010-04-05,ARLOHHHH,,,982000128138628,20425,10077,3,0000-00-00,1,0,"5",NULL,NULL
545,2010-04-07,ARLOANHH,,,982000128138695,20425,10108,1,0000-00-00,1,0,"4",NULL,NULL
546,2010-04-08,ARLOLOAN,,,999000000013172,20425,401,2,0000-00-00,1,0,"2",NULL,NULL
547,2010-04-10,LOLOANAN,,,982000128138567,20430,10106,3,0000-00-00,1,0,"4",NULL,NULL
548,2010-04-12,ARLOARAN,,,982000128138656,20425,10134,3,0000-00-00,1,0,"2",NULL,NULL
549,2010-04-12,ARLOHH,,,999000000013196,20425,10070,2,0000-00-00,1,0,"5",NULL,NULL
550,2010-04-13,ARLOANHH,,,999000000013197,20425,10098,2,0000-00-00,1,0,"4",NULL,NULL
551,2010-04-14,ARLOHHAN,,,999000000013202,20425,10064,2,0000-00-00,1,0,"6",NULL,NULL
552,2010-04-19,ARLOAN,,,982000128138890,20425,10111,3,0000-00-00,1,0,"4",NULL,NULL
553,2010-05-02,ARLOAN,,,999000000013240,20436,10088,2,0000-00-00,1,0,"4",NULL,NULL
554,2010-05-08,ARLOANAN,,,999000000013248,20436,10118,2,0000-00-00,1,0,"4",NULL,NULL
555,2010-01-30,ARLOANAR,,,,20425,10150,0,0000-00-00,1,0,"2",NULL,NULL
556,2010-03-25,ARARLOAN,,,,20425,407,3,0000-00-00,4,0,"2",NULL,NULL
557,2010-04-03,ARLOAN,,,,20436,10061,2,0000-00-00,1,0,"6",NULL,NULL
558,2010-05-18,ARLOANHH,,,,20423,426,0,0000-00-00,1,0,"2",NULL,NULL
559,2010-05-18,LOANANGV,,,,20423,10086,0,0000-00-00,1,0,"4",NULL,NULL
560,2010-01-30,ARLOLOHH,,,,20425,414,0,0000-00-00,1,0,"2",NULL,NULL
561,2010-03-14,ARLOANAR,,,,20425,10148,2,0000-00-00,1,0,"2",NULL,NULL
562,2010-03-21,ARLOLOAN,,,,20425,409,2,0000-00-00,1,0,"2",NULL,NULL
563,2011-02-27,ARARLOAN,,,982000172933799,20083,471,2,0000-00-00,1,0,"2",NULL,NULL
564,2011-02-28,ARARLOAN,,,982000172933768,20083,480,3,0000-00-00,3,0,"2",NULL,NULL
565,2011-03-01,ARARLOAN,,,982000172933725,20083,448,2,0000-00-00,1,0,"2",NULL,NULL
566,2011-03-02,ARANLOAN,,,982000172933760,20083,463,3,0000-00-00,1,0,"2",NULL,NULL
567,2011-03-02,ARLOANAN,,,982000172933733,20425,10096,3,0000-00-00,1,0,"5",NULL,NULL
568,2011-03-03,ARARLOLO,,,982000172933732,20083,478,2,0000-00-00,1,0,"2",NULL,NULL
569,2011-03-03,ARARANAN,,,982000172933757,20083,10176,3,0000-00-00,5,0,"2",NULL,NULL
570,2011-03-04,ARANARHP,,,982000172933808,20083,10167,2,0000-00-00,1,0,"2",NULL,NULL
571,2011-03-04,ARARLOAN,,,982000172933750,20083,453,2,0000-00-00,1,0,"2",NULL,NULL
572,2011-03-05,ARLOARHH,,,982000172933727,20425,10130,3,0000-00-00,1,0,"3",NULL,NULL
573,2011-03-05,ARARLOAN,,,982000172933763,20083,461,2,0000-00-00,1,0,"2",NULL,NULL
574,2011-03-05,ARLOARAN,,,982000172933739,20425,10129,2,0000-00-00,1,0,"3",NULL,NULL
575,2011-03-05,ARLOHHAR,,,982000172933731,20425,372,2,0000-00-00,1,0,"5",NULL,NULL
576,2011-03-06,ARLOANHH,,,982000172933743,20447,10138,2,0000-00-00,1,0,"3",NULL,NULL
577,2011-03-07,ARARLOAN,,,982000172933758,20083,472,3,0000-00-00,1,0,"2",NULL,NULL
578,2011-03-08,ARANARHH,,,982000172933721,20083,10163,3,0000-00-00,1,0,"2",NULL,NULL
579,2011-03-08,ARARLOAN,,,982000172933754,20425,422,2,0000-00-00,1,0,"3",NULL,NULL
580,2011-03-08,LOLOAN,,,982000172933715,20133,10088,2,0000-00-00,1,0,"5",NULL,NULL
581,2011-03-10,LOARLOAN,,,982000172933770,20133,426,2,0000-00-00,1,0,"3",NULL,NULL
582,2011-03-10,LOLOLOAN,,,982000172933765,20133,409,2,0000-00-00,1,0,"3",NULL,NULL
583,2011-03-11,ARAN,,,982000172933773,20447,10055,3,0000-00-00,1,0,"8",NULL,NULL
584,2011-03-11,ARARLOAN,,,982000172933761,20425,424,2,0000-00-00,1,0,"3",NULL,NULL
585,2011-03-11,ARLOLOAN,,,982000172933730,20425,395,2,0000-00-00,1,0,"3",NULL,NULL
586,2011-03-11,ARLOAN,,,982000172933737,20425,10141,2,0000-00-00,1,0,"3",NULL,NULL
587,2011-03-11,ARLOANHH,,,982000172933748,20425,10104,3,0000-00-00,1,0,"5",NULL,NULL
588,2011-03-12,ARARLOAN,,,982000172933796,20425,400,2,0000-00-00,1,0,"3",NULL,NULL
589,2011-03-13,ARLOLOHH,,,982000172933719,20425,373,2,0000-00-00,1,0,"5",NULL,NULL
590,2011-03-13,ARLOANHH,,,982000172933777,20425,10082,3,0000-00-00,1,0,"5",NULL,NULL
591,2011-03-14,LOARLOAN,,,982000172933753,20430,479,2,0000-00-00,1,0,"2",NULL,NULL
592,2011-03-14,ARLOANHH,,,982000172933740,20425,10102,3,0000-00-00,1,0,"5",NULL,NULL
593,2011-03-14,LOLOANAN,,,982000172933771,20133,10086,3,0000-00-00,1,0,"5",NULL,NULL
594,2011-03-14,ARLOLOAN,,,982000172933751,20425,375,2,0000-00-00,1,0,"5",NULL,NULL
595,2011-03-14,ARHHARHH,,,982000172933722,20425,10056,3,0000-00-00,1,0,"8",NULL,NULL
596,2011-03-15,LOARLOAN,,,982000172933807,20430,485,2,0000-00-00,1,0,"2",NULL,NULL
597,2011-03-16,LOLOLOHH,,,982000172933717,20133,414,3,0000-00-00,1,0,"3",NULL,NULL
598,2011-03-16,ARLOHHHH,,,982000172933746,20425,10077,2,0000-00-00,1,0,"6",NULL,NULL
599,2011-03-16,ARARLOAN,,,982000172933720,20425,402,2,0000-00-00,1,0,"3",NULL,NULL
600,2011-03-16,ARLOANAN,,,,20425,10106,2,0000-00-00,1,0,"5",NULL,NULL
601,2011-03-17,ARLOANAR,,,982000172933776,20425,10063,2,0000-00-00,1,0,"7",NULL,NULL
602,2011-03-17,ARLOANHH,,,982000172933767,20425,10116,3,0000-00-00,1,0,"5",NULL,NULL
603,2011-03-17,ARLOANHH,,,982000172933735,20425,10142,3,0000-00-00,1,0,"3",NULL,NULL
604,2011-03-17,ARLOANAN,,,982000172933766,20447,10113,2,0000-00-00,1,0,"5",NULL,NULL
605,2011-03-17,ARLOHHAR,,,982000172933798,20437,420,3,0000-00-00,1,0,"3",NULL,NULL
606,2011-03-17,ARLOAN,,,982000172933729,20425,10111,2,0000-00-00,1,0,"5",NULL,NULL
607,2011-03-18,ARLOAN,,,982000172933716,20437,10093,3,0000-00-00,1,0,"5",NULL,NULL
608,2011-03-18,LOLOANHH,,,982000172933728,20283,10062,1,0000-00-00,1,0,"7",NULL,NULL
609,2011-03-18,LOARLOAN,,,982000172933724,20133,407,3,0000-00-00,1,0,"3",NULL,NULL
610,2011-03-19,ARLOANHH,,,982000172933723,20425,10103,3,0000-00-00,1,0,"5",NULL,NULL
611,2011-03-19,ARLOANAN,,,982000172933769,20425,10119,3,0000-00-00,1,0,"5",NULL,NULL
612,2011-03-19,ARLOARHH,,,982000172933718,20425,10095,2,0000-00-00,1,0,"5",NULL,NULL
613,2011-03-19,ARLOANHH,,,982000172933749,20425,10156,3,0000-00-00,1,0,"3",NULL,NULL
614,2011-03-20,LOARLOAN,,,982000172933782,20430,467,2,0000-00-00,1,0,"2",NULL,NULL
615,2011-03-20,ARLOANAN,,,982000172933726,20437,10157,2,0000-00-00,1,0,"3",NULL,NULL
616,2011-03-22,LOARLOAN,,,982000172933791,20430,475,2,0000-00-00,1,0,"2",NULL,NULL
617,2011-03-22,ARLOARAN,,,982000172933784,20437,10131,2,0000-00-00,1,0,"3",NULL,NULL
618,2011-03-24,ARANARHH,,,982000172933764,20425,10057,3,0000-00-00,1,0,"8",NULL,NULL
619,2011-03-25,ARLOANHH,,,982000172933762,20447,10078,2,0000-00-00,1,0,"6",NULL,NULL
620,2011-03-26,LOARLOAN,,,982000172933734,20430,457,3,0000-00-00,1,0,"2",NULL,NULL
621,2011-03-29,ARLOANHH,,,982000172933772,20425,10139,2,0000-00-00,1,0,"3",NULL,NULL
622,2011-03-30,ARLOARHH,,,982000172933756,20425,10124,3,0000-00-00,1,0,"3",NULL,NULL
623,2011-03-31,ARLOANHH,,,982000172933744,20425,10098,3,0000-00-00,1,0,"5",NULL,NULL
624,2011-04-01,ARLOHH,,,982000172933774,20425,10070,2,0000-00-00,1,0,"6",NULL,NULL
625,2011-04-02,ARARLOLO,,,982000172933741,20447,417,2,0000-00-00,1,0,"3",NULL,NULL
626,2011-04-03,ARLOANHH,,,982000172933752,20425,10108,3,0000-00-00,1,0,"5",NULL,NULL
627,2011-04-04,LOLOANAN,,,982000172933755,20133,10118,3,0000-00-00,1,0,"5",NULL,NULL
628,2011-04-04,LOARLOAN,,,,20430,452,3,0000-00-00,1,0,"2",NULL,NULL
629,2011-04-04,LOLOANAN,,,982000172933742,20133,10114,3,0000-00-00,1,0,"5",NULL,NULL
630,2011-04-02,ARARLOAN,,,982000172933747,20447,403,2,0000-00-00,1,0,"3",NULL,NULL
631,2011-04-05,LOLOANAR,,,,20133,10148,3,0000-00-00,1,0,"3",NULL,NULL
632,2011-04-07,ARLOAN,,,982000172933759,20425,10117,3,0000-00-00,1,0,"5",NULL,NULL
633,2011-04-08,LOANLOHH,,,982000172933790,20430,456,3,0000-00-00,1,0,"2",NULL,NULL
634,2011-04-09,ARLOANHH,,,982000172933745,20425,10115,3,0000-00-00,1,0,"5",NULL,NULL
635,2011-04-11,ARARLOAN,,,,20425,434,2,0000-00-00,1,0,"3",NULL,NULL
636,2011-04-13,LOLOANGV,,,982000172933738,20283,10059,1,0000-00-00,1,0,"7",NULL,NULL
637,2011-04-16,LOARLOAN,,,982000172933795,20430,466,3,0000-00-00,1,0,"2",NULL,NULL
638,2011-04-17,ARLOARAN,,,982000172933794,20425,10134,2,0000-00-00,1,0,"3",NULL,NULL
639,2011-03-06,ARLOLOAN,,,,20425,401,2,0000-00-00,1,0,"3",NULL,NULL
640,2011-03-10,ARARLOAN,,,,20425,439,2,0000-00-00,1,0,"3",NULL,NULL
641,2011-03-11,ARARLOHH,,,,20425,406,3,0000-00-00,1,0,"3",NULL,NULL
642,2011-03-11,LOARLOAN,,,,20430,470,2,0000-00-00,1,0,"2",NULL,NULL
643,2011-02-22,ARLOAN,,,,20447,408,2,0000-00-00,1,0,"3",NULL,NULL
644,2011-04-04,LOLOANAR,,,,20133,10150,2,0000-00-00,1,0,"3",NULL,NULL
645,2011-02-24,ARLOANAN,,,,20425,10126,0,0000-00-00,1,0,"3",NULL,NULL
646,1990-03-15,HP,,,,20245,0,2,0000-00-00,0,0,"4",NULL,NULL
647,1990-03-15,HP,,,,20246,0,2,0000-00-00,0,0,"5",NULL,NULL
648,1990-03-16,HP,,,,20247,0,2,0000-00-00,0,0,"2",NULL,NULL
649,1990-03-16,HP,,,,20246,0,2,0000-00-00,0,0,"5",NULL,NULL
650,1990-03-20,HP,,,,20243,0,2,0000-00-00,0,0,"4",NULL,NULL
651,1990-03-21,HP,,,,20246,0,2,0000-00-00,0,0,10,NULL,NULL
652,1990-03-22,HP,,,,20246,0,2,0000-00-00,0,0,"7",NULL,NULL
653,1990-03-24,HP,,,,20061,0,2,0000-00-00,0,0,"5",NULL,NULL
654,1990-03-24,HP,,,,20243,0,2,0000-00-00,0,0,"4",NULL,NULL
655,1990-03-26,HP,,,,20246,0,2,0000-00-00,0,0,11,NULL,NULL
656,1990-03-26,HP,,,,20061,0,2,0000-00-00,0,0,"6",NULL,NULL
657,1990-03-26,HP,,,,20246,0,2,0000-00-00,0,0,"4",NULL,NULL
658,1990-03-27,HP,,,,20245,0,2,0000-00-00,0,0,"5",NULL,NULL
659,1990-03-29,HP,,,,20246,0,2,0000-00-00,0,0,"4",NULL,NULL
660,1990-04-09,HP,,,,20245,0,2,0000-00-00,0,0,"5",NULL,NULL
661,1990-04-21,HP,,,,20244,0,2,0000-00-00,0,0,"7",NULL,NULL
662,1990-04-29,HP,,,,20246,0,2,0000-00-00,0,0,"9",NULL,NULL
663,1990-05-04,HP,,,,20246,0,2,0000-00-00,0,0,"9",NULL,NULL
664,1990-05-15,HP,,,,20245,0,2,0000-00-00,0,0,"7",NULL,NULL
665,2012-05-01,ARLOAN,,,949000000007586,20437,10088,3,0000-00-00,1,0,"6",NULL,NULL
666,2012-05-07,ARLOLOAN,,,949000000103766,531,10195,2,0000-00-00,1,0,"2",NULL,NULL
667,2012-05-08,ARLOANHH,,,949000000008590,20437,10138,2,0000-00-00,1,0,"4",NULL,NULL
668,2012-05-12,ARARLOAN,,,,20437,479,3,0000-00-00,1,0,"3",NULL,NULL
669,2012-05-15,ARLOLOAN,,,949000000006904,20439,409,2,0000-00-00,1,0,"4",NULL,NULL
670,2012-05-15,ARLOLOAN,,,949000000100203,495,10196,3,0000-00-00,1,0,"2",NULL,NULL
671,2012-05-16,ARLOANSM,,,949000000007946,495,10185,3,0000-00-00,1,0,"2",NULL,NULL
672,2012-05-16,ARLOARHH,,,949000000007518,20437,10124,2,0000-00-00,1,0,"4",NULL,NULL
673,2012-05-16,ARLOARAN,,,949000000102384,20425,10134,3,0000-00-00,1,0,"4",NULL,NULL
674,2012-05-16,ARLOANAN,,,949000000007754,20437,10113,3,0000-00-00,1,0,"6",NULL,NULL
675,2012-05-16,ARLOLOAN,,,949000000007884,531,10193,2,0000-00-00,1,0,"2",NULL,NULL
676,2012-05-17,ARLOAN,,,949000000008855,20444,10141,2,0000-00-00,1,0,"4",NULL,NULL
677,2012-05-17,ARARLOAN,,,949000000095491,20439,403,3,0000-00-00,1,0,"4",NULL,NULL
678,2012-05-17,ARARLOAN,,,949000000008250,20425,485,3,0000-00-00,1,0,"3",NULL,NULL
679,2012-05-18,ARLOARAN,,,949000000009163,20425,10131,3,0000-00-00,1,0,"4",NULL,NULL
680,2012-05-19,ARARLOLO,,,949000000101246,20444,478,2,0000-00-00,1,0,"3",NULL,NULL
681,2012-05-19,ANANARMX,,,949000000132746,20424,10156,2,0000-00-00,1,0,"4",NULL,NULL
682,2012-05-19,ARLOANHH,,,949000000007264,20425,10082,2,0000-00-00,1,0,"6",NULL,NULL
683,2012-05-19,ARLOANGV,,,949000000197192,20439,10059,3,0000-00-00,1,0,"8",NULL,NULL
684,2012-05-20,ARLOLOAN,,,949000000102593,531,10187,2,0000-00-00,1,0,"2",NULL,NULL
685,2012-05-20,ARARLOAN,,,949000000007211,20437,422,2,0000-00-00,1,0,"4",NULL,NULL
686,2012-05-20,ARANLOAN,,,949000000122342,20437,463,2,0000-00-00,1,0,"3",NULL,NULL
687,2012-05-20,ARLOHH,,,949000000008438,20439,10070,2,0000-00-00,1,0,"7",NULL,NULL
688,2012-05-21,ARLOLOAN,,,949000000101668,495,10191,2,0000-00-00,1,0,"2",NULL,NULL
689,2012-05-21,ARLOLOAN,,,949000000198653,531,10194,2,0000-00-00,1,0,"2",NULL,NULL
690,2012-05-21,ARARLOAN,,,949000000007621,20439,472,2,0000-00-00,1,0,"3",NULL,NULL
691,2012-05-21,ARLOARAN,,,949000000007641,20439,10129,3,0000-00-00,1,0,"4",NULL,NULL
692,2012-05-22,ARLOLOAN,,,949000000006832,495,10183,2,0000-00-00,1,0,"2",NULL,NULL
693,2012-05-22,ARLOANHH,,,949000000008044,20444,10104,2,0000-00-00,1,0,"6",NULL,NULL
694,2012-05-22,ARLOLOAN,,,949000000009032,20439,375,2,0000-00-00,1,0,"6",NULL,NULL
695,2012-05-23,ARLOAN,,,949000000009116,20439,10111,2,0000-00-00,1,0,"6",NULL,NULL
696,2012-05-24,ARARLOAN,,,949000000101344,20439,480,2,0000-00-00,1,0,"3",NULL,NULL
697,2012-05-24,ARARLOAN,,,949000000008495,20439,424,2,0000-00-00,1,0,"4",NULL,NULL
698,2012-05-25,ARLOLOAN,,,949000000006501,495,10190,3,0000-00-00,1,0,"2",NULL,NULL
699,2012-05-25,ARLOANAN,,,949000000008651,20439,10086,2,0000-00-00,1,0,"6",NULL,NULL
700,2012-05-25,ARARLOAN,,,949000000008850,20437,461,3,0000-00-00,1,0,"3",NULL,NULL
701,2012-05-25,ARLOANHH,,,949000000005913,20437,10078,3,0000-00-00,1,0,"7",NULL,NULL
702,2012-05-25,ARLOANHH,,,,20447,10115,3,0000-00-00,1,0,"6",NULL,NULL
703,2012-05-25,ARLOHHAR,,,949000000007274,20439,372,2,0000-00-00,1,0,"6",NULL,NULL
704,2012-05-25,ARLOARHH,,,949000000108996,20444,10056,2,0000-00-00,1,0,"9",NULL,NULL
705,2012-05-26,ARLOLOAN,,,949000000196243,531,10184,2,0000-00-00,1,0,"2",NULL,NULL
706,2012-05-26,ARARLOAN,,,949000000100973,20447,448,3,0000-00-00,1,0,"3",NULL,NULL
707,2012-05-26,ARLOANHH,,,949000000007263,20447,10142,3,0000-00-00,1,0,"4",NULL,NULL
708,2012-05-27,ARANARHH,,,949000000250181,20437,10163,3,0000-00-00,1,0,"3",NULL,NULL
709,2012-05-28,ARLOLOAN,,,949000000133039,521,10188,2,0000-00-00,1,0,"2",NULL,NULL
710,2012-05-28,ARARLOAN,,,949000000009462,20425,400,2,0000-00-00,1,0,"4",NULL,NULL
711,2012-05-28,ARLOANHH,,,949000000009472,20437,10103,2,0000-00-00,1,0,"6",NULL,NULL
712,2012-05-29,ARLOLOAN,,,,495,10186,2,0000-00-00,1,0,"2",NULL,NULL
713,2012-05-29,ARLOANHH,,,949000000194301,20437,10108,3,0000-00-00,1,0,"6",NULL,NULL
714,2012-05-29,ARARLOAN,,,949000000100832,20439,457,3,0000-00-00,1,0,"3",NULL,NULL
715,2012-05-29,ARLOHHAR,,,949000000005918,20425,420,3,0000-00-00,1,0,"4",NULL,NULL
716,2012-05-29,ARARLOAN,,,949000000006513,20425,467,3,0000-00-00,3,0,"3",NULL,NULL
717,2012-05-30,ARLOLOHH,,,949000000096964,20439,373,3,0000-00-00,1,0,"6",NULL,NULL
718,2012-05-30,ARLOANHH,,,949000000008059,20437,10102,3,0000-00-00,1,0,"6",NULL,NULL
719,2012-05-31,ARARLOAN,,,949000000007957,20425,471,2,0000-00-00,1,0,"3",NULL,NULL
720,2012-05-31,ARLOANAN,,,949000000009082,20439,10118,2,0000-00-00,1,0,"6",NULL,NULL
721,2012-06-01,ARLOLOAN,,,949000000008771,521,10180,3,0000-00-00,1,0,"2",NULL,NULL
722,2012-06-01,ARARLOAN,,,949000000015966,20444,402,3,0000-00-00,1,0,"4",NULL,NULL
723,2012-06-02,ARLOANAN,,,949000000007584,20437,10157,2,0000-00-00,1,0,"4",NULL,NULL
724,2012-06-02,ARLOLOAR,,,949000000008916,531,10182,2,0000-00-00,1,0,"2",NULL,NULL
725,2012-06-02,ARLOLOAR,,,949000000133100,521,10181,3,0000-00-00,1,0,"2",NULL,NULL
726,2012-06-02,ARLOANAR,,,949000000008282,20437,10057,2,0000-00-00,1,0,"9",NULL,NULL
727,2012-06-02,ARLOARHH,,,949000000008063,20439,10095,3,0000-00-00,1,0,"6",NULL,NULL
728,2012-06-04,ARLOANHH,,,949000000100994,20447,10062,3,0000-00-00,1,0,"8",NULL,NULL
729,2012-06-04,ARANLOHH,,,949000000040546,20425,456,3,0000-00-00,1,0,"3",NULL,NULL
730,2012-06-05,ARLOHHAN,,,949000000008356,20439,10055,3,0000-00-00,1,0,"9",NULL,NULL
731,2012-06-06,ARLOAN,,,949000000100038,20439,10093,2,0000-00-00,1,0,"6",NULL,NULL
732,2012-06-09,ARARLOAN,,,949000000101373,20425,434,3,0000-00-00,1,0,"4",NULL,NULL
733,2012-06-09,ARANARHP,,,949000000007971,20425,10167,3,0000-00-00,1,0,"3",NULL,NULL
734,2012-06-09,ARARANAN,,,949000000006971,20437,10176,2,0000-00-00,1,0,"3",NULL,NULL
735,2012-06-12,ARLOLOAN,,,949000000007732,531,10192,2,0000-00-00,1,0,"2",NULL,NULL
736,2012-06-12,ARLOANAN,,,949000000007303,20447,10096,2,0000-00-00,1,0,"6",NULL,NULL
737,2012-06-17,ARARLOAN,,,949000000007001,20425,466,2,0000-00-00,1,0,"3",NULL,NULL
738,2012-06-17,ARLOANHH,,,949000000182907,20447,10139,2,0000-00-00,1,0,"4",NULL,NULL
739,2012-06-23,ARARLOAN,,,949000000009164,20439,453,3,0000-00-00,1,0,"3",NULL,NULL
740,2012-06-24,ARLOANAN,,,949000000101477,20439,10119,3,0000-00-00,1,0,"6",NULL,NULL
741,2012-07-11,ARARLOLO,,,949000000007259,20437,417,3,0000-00-00,1,0,"4",NULL,NULL
742,2012-05-18,ARLOANHH,,,,20439,10156,2,0000-00-00,4,0,"4",NULL,NULL
743,2012-05-25,ARLOLOAN,,,,531,10189,2,0000-00-00,4,0,"2",NULL,NULL
744,2012-06-01,ARLOLOAR,,,,531,10182,3,0000-00-00,1,0,"2",NULL,NULL
745,2012-06-08,ARLOLOHH,,,,20439,414,2,0000-00-00,1,0,"4",NULL,NULL
746,2012-07-17,ARARLOAN,,,,20444,407,0,0000-00-00,0,0,"4",NULL,NULL
10000,0000-00-00,AR,148465,,,0,0,2,0000-00-00,0,0,,"H38",NULL
10001,0000-00-00,AR,151595,,,0,0,2,0000-00-00,0,0,,"H38",NULL
10002,0000-00-00,HH,19306637,"SR SANDI 272",,19189990,19161582,2,0000-00-00,0,0,,"H38",NULL
10003,0000-00-00,HH,19381981,"LS SANDI 372",,19189990,19236483,2,0000-00-00,0,0,,"H38",NULL
10004,0000-00-00,HH,19382093,"SR PREVA 343",,19249880,18769107,2,0000-00-00,0,0,,"H38",NULL
10005,0000-00-00,HH,19532315,"SR VENCI 5111",,19358298,19161667,2,0000-00-00,0,0,,"H38",NULL
10006,0000-00-00,HH,19532358,"SR BRIDGET 511",,19292672,19306529,2,0000-00-00,0,0,,"H38",NULL
10007,0000-00-00,HH,19555135,"BB MS PATRIOT 5332",,19151357,19319084,2,0000-00-00,0,0,,"H38",NULL
10008,0000-00-00,HH,19564652,"ORE 4040 MISS 6041",,19432948,19432956,2,0000-00-00,0,0,,"H38",NULL
10009,0000-00-00,HH,19570055,,,19396807,19285956,2,0000-00-00,0,0,,"H38",NULL
10010,0000-00-00,HH,19583593,"SR MANDY 622",,19436461,18959010,2,0000-00-00,0,0,,"H38",NULL
10011,0000-00-00,HH,19583594,"SR BONITA 626",,18869978,18958920,2,0000-00-00,0,0,,"H38",NULL
10012,0000-00-00,HH,19583647,"SR MANDY 616",,19436461,19236584,2,0000-00-00,0,0,,"H38",NULL
10013,0000-00-00,AR,274459,,,0,0,2,0000-00-00,0,0,,"H38",NULL
10014,0000-00-00,AR,359436,,,312276,148465,2,0000-00-00,0,0,,"H38",NULL
10015,0000-00-00,HH,40005441,"BB MS MARK DON 6329",,19458354,19378860,2,0000-00-00,0,0,,"H38",NULL
10016,0000-00-00,HH,40042479,"SR YAMPETTE 710",,17949501,18846366,2,0000-00-00,0,0,,"H38",NULL
10017,0000-00-00,HH,40042525,"SR YAMPETTE 736",,17949501,19236634,2,0000-00-00,0,0,,"H38",NULL
10018,0000-00-00,HH,40045544,"BB MS 4033 LAD 7223",,19436462,19306127,2,0000-00-00,0,0,,"H38",NULL
10019,0000-00-00,HH,40045567,"BB MS RED STAN",,19283697,19142515,2,0000-00-00,0,0,,"H38",NULL
10020,0000-00-00,AR,405675,,,185629,151595,2,0000-00-00,0,0,,"H38",NULL
10021,0000-00-00,HH,41007692,"SR LADY DOM 8155",,19498500,19458797,2,0000-00-00,0,0,,"H38",NULL
10022,0000-00-00,HH,41034505,"BB MS WASH 8045",,19278446,19435984,2,0000-00-00,0,0,,"H38",NULL
10023,0000-00-00,HH,41034704,"BB MS 4017 LAD 8160",,19427728,19523897,2,0000-00-00,0,0,,"H38",NULL
10024,0000-00-00,HH,41053020,"SR GOLDIE 851",,40036740,19050987,2,0000-00-00,0,0,,"H38",NULL
10025,0000-00-00,HH,41053182,"DS GOLDIE 843",,40036740,19381968,2,0000-00-00,0,0,,"H38",NULL
10026,0000-00-00,HH,41053189,"SR WESTY 813",,40036739,19532301,2,0000-00-00,0,0,,"H38",NULL
10027,0000-00-00,HH,41131050,"SR MARVEL 978",,19408550,40042479,2,0000-00-00,0,0,,"H38",NULL
10028,0000-00-00,HH,42078300,"SR LORI 016",,41003694,40042587,2,0000-00-00,0,0,,"H38",NULL
10029,0000-00-00,HH,42167185,"LCI STANDARD LADY 101J",,0,0,2,0000-00-00,0,0,,"H38",NULL
10030,0000-00-00,AN,10895323,"9J9 G A R 856",,0,0,2,0000-00-00,0,0,,"H38",NULL
10031,0000-00-00,AR,100626,,,0,0,2,0000-00-00,0,0,,"H38",NULL
10032,0000-00-00,AR,87349,,,0,0,2,0000-00-00,0,0,,"H38",NULL
10033,0000-00-00,AR,130370,,,0,0,2,0000-00-00,0,0,,"H38",NULL
10034,0000-00-00,AN,11246381,"B F TRAVELER 7112 9118",,0,0,2,0000-00-00,0,0,,"H38",NULL
10035,0000-00-00,AN,11264984,"B/R ELINE 972",,0,0,2,0000-00-00,0,0,,"H38",NULL
10036,0000-00-00,AN,9890479,"BASIN ENCHANTRESS 1051",,0,0,2,0000-00-00,0,0,,"H38",NULL
10037,0000-00-00,AR,140489,,,0,0,2,0000-00-00,0,0,,"H38",NULL
10038,0000-00-00,AR,9319,,,0,0,2,0000-00-00,0,0,,"H38",NULL
10039,0000-00-00,,,,,0,0,2,0000-00-00,0,0,,"H38",NULL
10040,0000-00-00,,,,,0,0,2,0000-00-00,0,0,,"H38",NULL
10041,0000-00-00,AR,4396,,,0,0,2,0000-00-00,0,0,,"H38",NULL
10042,0000-00-00,AR,404379,,,0,0,2,0000-00-00,0,0,,"H38",NULL
10043,0000-00-00,AR,475841,,,0,0,2,0000-00-00,0,0,,"H38",NULL
10044,0000-00-00,AR,77420,,,0,0,2,0000-00-00,0,0,,"H38",NULL
10045,0000-00-00,AR,183245,,,0,0,2,0000-00-00,0,0,,"H38",NULL
10046,0000-00-00,AR,303922,,,0,0,2,0000-00-00,0,0,,"H38",NULL
10047,0000-00-00,,,,,0,0,2,0000-00-00,0,0,,"H38",NULL
10048,0000-00-00,AN,10973044,"LANDMARCK GAY LADY 774",,0,0,2,0000-00-00,0,0,,"H38",NULL
10049,0000-00-00,AN,11291067,"M D G ELONEMAR 9144",,0,0,2,0000-00-00,0,0,,"H38",NULL
10050,0000-00-00,AR,49527,,,0,0,2,0000-00-00,0,0,,"H38",NULL
10051,0000-00-00,AR,41713,,,0,0,2,0000-00-00,0,0,,"H38",NULL
10052,0000-00-00,AR,23376,,,0,0,2,0000-00-00,0,0,,"H38",NULL
10053,0000-00-00,AR,356162,,,0,0,2,0000-00-00,0,0,,"H38",NULL
10054,0000-00-00,AR,268297,,,0,0,2,0000-00-00,0,0,,"H38",NULL
10055,0000-00-00,LOHHAN,,,9.82E+14,0,0,2,0000-00-00,0,0,,"H38",NULL
10056,0000-00-00,LOARHHAR,,,9.49E+14,0,0,2,0000-00-00,0,0,,"H38",NULL
10057,0000-00-00,LOANARHH,,,9.82E+14,0,0,2,0000-00-00,0,0,,"H38",NULL
10058,0000-00-00,LOHHAN,,,9.82E+14,0,0,2,0000-00-00,0,0,,"H38",NULL
10059,0000-00-00,LOANGV,,,9.49E+14,0,0,2,0000-00-00,0,0,,"H38",NULL
10060,0000-00-00,LOANANHH,,,9.82E+14,0,0,2,0000-00-00,0,0,,"H38",NULL
10061,0000-00-00,LOAN,,,9.82E+14,0,0,2,0000-00-00,0,0,,"H38",NULL
10062,0000-00-00,LOANHH,,,9.82E+14,0,0,2,0000-00-00,0,0,,"H38",NULL
10063,0000-00-00,LOANAR,,,9.82E+14,0,0,2,0000-00-00,0,0,,"H38",NULL
10064,0000-00-00,LOHHAN,,,9.82E+14,0,0,2,0000-00-00,0,0,,"H38",NULL
10065,0000-00-00,AN,11136428,"PAPA BLACKBIRD 8810",,0,0,2,0000-00-00,0,0,,"H38",NULL
10066,0000-00-00,AR,58495,,,0,0,2,0000-00-00,0,0,,"H38",NULL
10067,0000-00-00,AR,33457,,,0,0,2,0000-00-00,0,0,,"H38",NULL
10068,0000-00-00,AN,1041891,"BLACKCAP SAMANTHA PP 338",,0,0,2,0000-00-00,0,0,,"H38",NULL
10069,0000-00-00,LOANHHAR,,,9.85E+14,307,0,2,0000-00-00,0,0,,"H38",NULL
10070,0000-00-00,LOHH,,,9.82E+14,0,0,2,0000-00-00,0,0,,"H38",NULL
10072,0000-00-00,LOANANAN,,,,307,0,2,0000-00-00,0,0,,"H38",NULL
10073,0000-00-00,LOANANAN,,,9.82E+14,0,0,2,0000-00-00,0,0,,"H38",NULL
10074,0000-00-00,LOANHHAN,,,9.82E+14,307,0,2,0000-00-00,0,0,,"H38",NULL
10075,0000-00-00,LOANHHAR,,,,307,0,2,0000-00-00,0,0,,"H38",NULL
10076,0000-00-00,LOANHHAN,,,,307,0,2,0000-00-00,0,0,,"H38",NULL
10077,0000-00-00,LOHHHHAR,,,9.82E+14,307,0,2,0000-00-00,0,0,,"H38",NULL
10078,0000-00-00,LOANHHAN,,,9.82E+14,307,0,2,0000-00-00,0,0,,"H38",NULL
10079,0000-00-00,AR,95647,,,0,0,2,0000-00-00,0,0,,"H38",NULL
10080,0000-00-00,AR,66267,,,0,0,2,0000-00-00,0,0,,"H38",NULL
10081,0000-00-00,AR,73399,,,0,0,2,0000-00-00,0,0,,"H38",NULL
10082,0000-00-00,LOANHHAN,,,9.82E+14,0,0,2,0000-00-00,0,0,,"H38",NULL
10084,0000-00-00,LOHHHHAR,,,9.99E+14,307,0,2,0000-00-00,0,0,,"H38",NULL
10086,0000-00-00,LOANANGV,,,9.82E+14,0,0,2,0000-00-00,0,0,,"H38",NULL
10088,0000-00-00,LOAN,,,9.82E+14,307,0,2,0000-00-00,0,0,,"H38",NULL
10089,0000-00-00,LOANHP,,,9.82E+14,0,0,2,0000-00-00,0,0,,"H38",NULL
10090,0000-00-00,LOANAR,,,9.99E+14,0,0,2,0000-00-00,0,0,,"H38",NULL
10091,0000-00-00,LOANANHH,,,9.82E+14,307,0,2,0000-00-00,0,0,,"H38",NULL
10092,0000-00-00,LOAN,,,9.82E+14,0,0,2,0000-00-00,0,0,,"H38",NULL
10093,0000-00-00,LOAN,,,9.49E+14,0,0,2,0000-00-00,0,0,,"H38",NULL
10095,0000-00-00,LOARHH,,,9.82E+14,307,0,2,0000-00-00,0,0,,"H38",NULL
10096,0000-00-00,LOANANHH,,,9.82E+14,0,0,2,0000-00-00,0,0,,"H38",NULL
10097,0000-00-00,LOARHPAN,,,9.99E+14,307,0,2,0000-00-00,0,0,,"H38",NULL
10098,0000-00-00,LOANHHAR,,,9.82E+14,307,0,2,0000-00-00,0,0,,"H38",NULL
10099,0000-00-00,LOANHHAN,,,9.99E+14,0,0,2,0000-00-00,0,0,,"H38",NULL
10100,0000-00-00,LOANANHH,,,9.82E+14,0,0,2,0000-00-00,0,0,,"H38",NULL
10101,0000-00-00,LOANANHH,,,9.82E+14,0,0,2,0000-00-00,0,0,,"H38",NULL
10102,0000-00-00,LOANHH,,,9.82E+14,0,0,2,0000-00-00,0,0,,"H38",NULL
10103,0000-00-00,LOANHHAN,,,9.99E+14,0,0,2,0000-00-00,0,0,,"H38",NULL
10104,0000-00-00,LOANHHAR,,,9.82E+14,0,0,2,0000-00-00,0,0,,"H38",NULL
10105,0000-00-00,LOANHHAN,,,9.82E+14,0,0,2,0000-00-00,0,0,,"H38",NULL
10106,0000-00-00,LOANANAN,,,9.82E+14,0,0,2,0000-00-00,0,0,,"H38",NULL
10107,0000-00-00,LOAN,,,9.82E+14,0,0,2,0000-00-00,0,0,,"H38",NULL
10108,0000-00-00,LOANHHAN,,,9.82E+14,0,0,2,0000-00-00,0,0,,"H38",NULL
10109,0000-00-00,LOANANGV,,,9.82E+14,0,0,2,0000-00-00,0,0,,"H38",NULL
10110,0000-00-00,LOANAR,,,9.82E+14,0,0,2,0000-00-00,0,0,,"H38",NULL
10111,0000-00-00,LOAN,,,9.82E+14,0,0,2,0000-00-00,0,0,,"H38",NULL
10112,0000-00-00,LOANAR,,,9.82E+14,0,0,2,0000-00-00,0,0,,"H38",NULL
10113,0000-00-00,LOANANHH,,,9.49E+14,0,0,2,0000-00-00,0,0,,"H38",NULL
10114,0000-00-00,LOANANAR,,,9.82E+14,0,0,2,0000-00-00,0,0,,"H38",NULL
10115,0000-00-00,LOANHH,,,9.99E+14,0,0,2,0000-00-00,0,0,,"H38",NULL
10116,0000-00-00,LOANHH,,,9.82E+14,0,0,2,0000-00-00,0,0,,"H38",NULL
10117,0000-00-00,LOAN,,,9.82E+14,0,0,2,0000-00-00,0,0,,"H38",NULL
10118,0000-00-00,LOANANHH,,,9.49E+14,0,0,2,0000-00-00,0,0,,"H38",NULL
10119,0000-00-00,LOANANAN,,,9.82E+14,307,0,2,0000-00-00,0,0,,"H38",NULL
10120,0000-00-00,AN,10830647,"SUMMITCREST AIRN U044",,0,0,2,0000-00-00,0,0,,"H38",NULL
10124,0000-00-00,LOARHH,,,9.49E+14,307,0,2,0000-00-00,0,0,,"H38",NULL
10125,0000-00-00,LOANHHAN,,,9.49E+14,307,0,2,0000-00-00,0,0,,"H38",NULL
10126,0000-00-00,LOANANAN,,,9.49E+14,307,0,2,0000-00-00,0,0,,"H38",NULL
10129,0000-00-00,LOARANHH,,,9.49E+14,0,0,2,0000-00-00,0,0,,"H38",NULL
10130,0000-00-00,LOARHH,,,9.49E+14,0,0,2,0000-00-00,0,0,,"H38",NULL
10131,0000-00-00,LOARAN,,,9.49E+14,0,0,2,0000-00-00,0,0,,"H38",NULL
10134,0000-00-00,LOARANHH,,,9.49E+14,0,0,2,0000-00-00,0,0,,"H38",NULL
10138,0000-00-00,LOANHHAN,,,9.49E+14,0,0,2,0000-00-00,0,0,,"H38",NULL
10139,0000-00-00,LOANHHAN,,,9.49E+14,0,0,2,0000-00-00,0,0,,"H38",NULL
10141,0000-00-00,LOAN,,,9.49E+14,0,0,2,0000-00-00,0,0,,"H38",NULL
10142,0000-00-00,LOANHHAN,,,9.49E+14,0,0,2,0000-00-00,0,0,,"H38",NULL
10144,0000-00-00,LOANANHH,,,9.49E+14,0,0,2,0000-00-00,0,0,,"H38",NULL
10148,0000-00-00,LOANARAN,,,9.49E+14,0,0,2,0000-00-00,0,0,,"H38",NULL
10149,0000-00-00,LOAN,,,9.49E+14,0,0,2,0000-00-00,0,0,,"H38",NULL
10150,0000-00-00,LOANAR,,,9.49E+14,0,0,2,0000-00-00,0,0,,"H38",NULL
10153,0000-00-00,LOANHPAN,,,9.49E+14,0,0,2,0000-00-00,0,0,,"H38",NULL
10156,0000-00-00,LOANHHAN,,,9.49E+14,0,0,2,0000-00-00,0,0,,"H38",NULL
10157,0000-00-00,LOANANGV,,,9.49E+14,0,0,2,0000-00-00,0,0,,"H38",NULL
10159,0000-00-00,,,,,0,0,2,0000-00-00,0,0,,"H38",NULL
10163,0000-00-00,ANARHH,,,9.82E+14,7,0,2,0000-00-00,0,0,,"H38",NULL
10167,0000-00-00,ANARHPAN,,,9.82E+14,7,0,2,0000-00-00,0,0,,"H38",NULL
10176,0000-00-00,ARANANAN,,,9.82E+14,0,0,2,0000-00-00,0,0,,"H38",NULL
10180,0000-00-00,LOANARAN,,,9.49E+14,0,0,2,0000-00-00,0,0,,"H38",NULL
10181,0000-00-00,LOARANAN,,,9.49E+14,0,0,2,0000-00-00,0,0,,"H38",NULL
10182,0000-00-00,LOARHHHH,,,9.49E+14,0,0,2,0000-00-00,0,0,,"H38",NULL
10183,0000-00-00,LOANMX,,,9.49E+14,0,0,2,0000-00-00,0,0,,"H38",NULL
10184,0000-00-00,LOANAN,,,9.49E+14,0,0,2,0000-00-00,0,0,,"H38",NULL
10185,0000-00-00,LOANSM,,,9.49E+14,0,0,2,0000-00-00,0,0,,"H38",NULL
10186,0000-00-00,LOANAN,,,9.49E+14,0,0,2,0000-00-00,0,0,,"H38",NULL
10187,0000-00-00,LOANAN,,,9.49E+14,0,0,2,0000-00-00,0,0,,"H38",NULL
10188,0000-00-00,LOANAN,,,9.49E+14,0,0,2,0000-00-00,0,0,,"H38",NULL
10189,0000-00-00,LOANAN,,,9.49E+14,0,0,2,0000-00-00,0,0,,"H38",NULL
10190,0000-00-00,LOANAN,,,9.49E+14,0,0,2,0000-00-00,0,0,,"H38",NULL
10191,0000-00-00,LOANAN,,,9.49E+14,0,0,2,0000-00-00,0,0,,"H38",NULL
10192,0000-00-00,LOANAN,,,9.49E+14,0,0,2,0000-00-00,0,0,,"H38",NULL
10193,0000-00-00,LOAN,,,9.49E+14,0,0,2,0000-00-00,0,0,,"H38",NULL
10194,0000-00-00,LOANAN,,,9.49E+14,0,0,2,0000-00-00,0,0,,"H38",NULL
10195,0000-00-00,LOANAN,,,9.49E+14,0,0,2,0000-00-00,0,0,,"H38",NULL
10196,0000-00-00,LOANAN,,,9.49E+14,0,0,2,0000-00-00,0,0,,"H38",NULL
10197,0000-00-00,LOARAN,,,9.82E+14,59,0,2,0000-00-00,0,0,,"H38",NULL
10198,0000-00-00,LOARANHH,,,9.82E+14,59,0,2,0000-00-00,0,0,,"H38",NULL
10199,0000-00-00,LOARHHAR,,,9.82E+14,59,0,2,0000-00-00,0,0,,"H38",NULL
10200,0000-00-00,LOANHH,,,9.82E+14,59,0,2,0000-00-00,0,0,,"H38",NULL
10201,0000-00-00,LOARANAR,,,9.82E+14,59,0,2,0000-00-00,0,0,,"H38",NULL
10202,0000-00-00,LOANAR,,,9.82E+14,59,0,2,0000-00-00,0,0,,"H38",NULL
10203,0000-00-00,LOARANHH,,,9.82E+14,0,0,2,0000-00-00,0,0,,"H38",NULL
10204,0000-00-00,LOARANHH,,,9.82E+14,0,0,2,0000-00-00,0,0,,"H38",NULL
10205,0000-00-00,LOARANHP,,,9.82E+14,0,0,2,0000-00-00,0,0,,"H38",NULL
10206,0000-00-00,LOARAN,,,9.82E+14,0,0,2,0000-00-00,0,0,,"H38",NULL
10207,0000-00-00,LOANHHHH,,,,0,0,2,0000-00-00,0,0,,"H38",NULL
10208,0000-00-00,LOANANHH,,,,0,0,2,0000-00-00,0,0,,"H38",NULL
10209,0000-00-00,LO,,,9.82E+14,0,1006,2,0000-00-00,0,0,,"H38",NULL
10210,0000-00-00,LO,,,9.82E+14,0,1019,2,0000-00-00,0,0,,"H38",NULL
10211,0000-00-00,LO,,,9.82E+14,0,1027,2,0000-00-00,0,0,,"H38",NULL
10212,0000-00-00,LO,,,9.82E+14,0,1038,2,0000-00-00,0,0,,"H38",NULL
10213,0000-00-00,LO,,,9.82E+14,0,1039,2,0000-00-00,0,0,,"H38",NULL
10214,0000-00-00,LO,,,9.82E+14,0,1140,2,0000-00-00,0,0,,"H38",NULL
10215,0000-00-00,LO,,,9.82E+14,0,1305,2,0000-00-00,0,0,,"H38",NULL
10216,0000-00-00,LO,,,9.82E+14,0,1349,2,0000-00-00,0,0,,"H38",NULL
10217,0000-00-00,LOANGV,,006Z5ID,9.82E+14,0,0,2,0000-00-00,0,0,,"H38",NULL
10218,0000-00-00,LOANARMX,,006Z5ID,9.82E+14,6,0,2,0000-00-00,0,0,,"H38",NULL
10219,0000-00-00,LOSHAR,,006Z5ID,9.82E+14,30,0,2,0000-00-00,0,0,,"H38",NULL
10220,0000-00-00,LOARGV,,006Z5ID,9.82E+14,0,0,2,0000-00-00,0,0,,"H38",NULL
10221,0000-00-00,LOSHAN,,006Z5ID,9.82E+14,6,0,2,0000-00-00,0,0,,"H38",NULL
10222,0000-00-00,LOARGV,,006Z5ID,9.82E+14,0,0,2,0000-00-00,0,0,,"H38",NULL
