chaps_id,birth_date,breed,reg_no,reg_name,elec_id,sire_id,dam_id,sex,sex_date,birth_weight,calving_ease,state,herd_id,cow_age
1,0000-00-00,AN,,,,20177,0,2,0000-00-00,53,0,,H38,2
2,0000-00-00,AN,,,,20177,0,2,0000-00-00,70,0,,H38,2
3,0000-00-00,CH,,,,20196,0,2,0000-00-00,102,0,,H38,8
4,0000-00-00,CH,,,,20196,0,2,0000-00-00,80,0,,H38,9
5,0000-00-00,CH,,,,20152,0,2,0000-00-00,84,0,,H38,8
6,0000-00-00,CH,,,,20201,0,2,0000-00-00,90,0,,H38,6
7,0000-00-00,CH,,,,20196,0,2,0000-00-00,110,0,,H38,6
8,0000-00-00,CH,,,,20204,0,2,0000-00-00,122,0,,H38,3
9,0000-00-00,CH,,,,20201,0,2,0000-00-00,82,0,,H38,7
10,0000-00-00,CH,,,,20196,0,2,0000-00-00,80,0,,H38,8
11,0000-00-00,CH,,,,20201,0,2,0000-00-00,104,0,,H38,8
12,0000-00-00,CH,,,,20201,0,2,0000-00-00,70,0,,H38,8
13,0000-00-00,CH,,,,20201,0,2,0000-00-00,90,0,,H38,7
14,0000-00-00,CH,,,,20196,0,2,0000-00-00,100,0,,H38,8
15,0000-00-00,CH,,,,20200,0,2,0000-00-00,96,0,,H38,3
16,0000-00-00,CH,,,,20200,0,2,0000-00-00,89,0,,H38,5
17,0000-00-00,CH,,,,20200,0,2,0000-00-00,68,0,,H38,6
18,0000-00-00,CH,,,,20150,0,2,0000-00-00,80,0,,H38,5
19,0000-00-00,CH,,,,20197,0,2,0000-00-00,76,0,,H38,11
20,0000-00-00,CH,,,,20150,0,2,0000-00-00,102,0,,H38,7
21,0000-00-00,CH,,,,20198,0,2,0000-00-00,100,0,,H38,5
22,0000-00-00,CH,,,,20201,0,2,0000-00-00,82,0,,H38,8
23,0000-00-00,CH,,,,20196,0,2,0000-00-00,100,0,,H38,8
24,0000-00-00,CH,,,,20201,0,2,0000-00-00,84,0,,H38,9
25,0000-00-00,CH,,,,20201,0,2,0000-00-00,57,0,,H38,6
26,0000-00-00,CH,,,,20150,0,2,0000-00-00,70,0,,H38,5
27,0000-00-00,CH,,,,20150,0,2,0000-00-00,97,0,,H38,6
28,0000-00-00,CH,,,,20150,0,2,0000-00-00,81,0,,H38,4
29,0000-00-00,CH,,,,20196,0,2,0000-00-00,75,0,,H38,5
30,0000-00-00,CH,,,,20210,0,2,0000-00-00,85,0,,H38,7
31,0000-00-00,CH,,,,20210,0,2,0000-00-00,93,0,,H38,7
32,0000-00-00,CH,,,,20205,0,2,0000-00-00,78,0,,H38,6
33,0000-00-00,CH,,,,20205,0,2,0000-00-00,86,0,,H38,7
34,0000-00-00,CH,,,,20152,0,2,0000-00-00,75,0,,H38,9
35,0000-00-00,CH,,,,20198,0,2,0000-00-00,87,0,,H38,7
36,0000-00-00,CH,,,,20210,0,2,0000-00-00,97,0,,H38,6
37,0000-00-00,CH,,,,20204,0,2,0000-00-00,84,0,,H38,4
38,0000-00-00,CH,,,,20197,0,2,0000-00-00,80,0,,H38,4
39,0000-00-00,CH,,,,20202,0,2,0000-00-00,72,0,,H38,6
40,0000-00-00,CH,,,,20204,0,2,0000-00-00,90,0,,H38,5
41,0000-00-00,CH,,,,20150,0,2,0000-00-00,84,0,,H38,4
42,0000-00-00,CH,,,,20210,0,2,0000-00-00,90,0,,H38,8
43,0000-00-00,CH,,,,20210,0,2,0000-00-00,115,0,,H38,6
44,0000-00-00,CH,,,,20204,0,2,0000-00-00,97,0,,H38,4
45,0000-00-00,CH,,,,20200,0,2,0000-00-00,79,0,,H38,9
46,0000-00-00,CH,,,,20209,0,2,0000-00-00,72,0,,H38,5
47,0000-00-00,CH,,,,20209,0,2,0000-00-00,66,0,,H38,7
48,0000-00-00,CH,,,,20197,0,2,0000-00-00,88,0,,H38,4
49,0000-00-00,CH,,,,20203,0,2,0000-00-00,92,0,,H38,8
50,0000-00-00,CH,,,,20205,0,2,0000-00-00,100,0,,H38,7
51,0000-00-00,CH,,,,20204,0,2,0000-00-00,115,0,,H38,5
52,0000-00-00,CH,,,,20200,0,2,0000-00-00,70,0,,H38,9
53,0000-00-00,CH,,,,20205,0,2,0000-00-00,92,0,,H38,6
54,0000-00-00,CH,,,,20205,0,2,0000-00-00,93,0,,H38,6
55,0000-00-00,CH,,,,20201,0,2,0000-00-00,97,0,,H38,4
56,0000-00-00,CH,,,,20150,0,2,0000-00-00,81,0,,H38,4
57,0000-00-00,CH,,,,20203,0,2,0000-00-00,70,0,,H38,5
58,0000-00-00,CH,,,,20210,0,2,0000-00-00,87,0,,H38,6
59,0000-00-00,CH,,,,20204,0,2,0000-00-00,87,0,,H38,7
60,0000-00-00,CH,,,,20152,0,2,0000-00-00,88,0,,H38,5
61,0000-00-00,CH,,,,20203,0,2,0000-00-00,84,0,,H38,7
62,0000-00-00,CH,,,,20197,0,2,0000-00-00,78,0,,H38,6
63,0000-00-00,CH,,,,20197,0,2,0000-00-00,88,0,,H38,9
64,0000-00-00,CH,,,,20204,0,2,0000-00-00,110,0,,H38,7
65,0000-00-00,CH,,,,20200,0,2,0000-00-00,82,0,,H38,4
66,0000-00-00,CH,,,,20197,0,2,0000-00-00,81,0,,H38,4
67,0000-00-00,CH,,,,20198,0,2,0000-00-00,82,0,,H38,6
68,0000-00-00,CH,,,,20210,0,2,0000-00-00,108,0,,H38,6
69,0000-00-00,CH,,,,20205,0,2,0000-00-00,95,0,,H38,7
70,0000-00-00,CH,,,,20210,0,2,0000-00-00,82,0,,H38,7
71,0000-00-00,CH,,,,20204,0,2,0000-00-00,85,0,,H38,8
72,0000-00-00,CH,,,,20197,0,2,0000-00-00,95,0,,H38,4
73,0000-00-00,CH,,,,20197,0,2,0000-00-00,69,0,,H38,7
74,0000-00-00,LM,,,,20429,0,2,0000-00-00,77,0,,H38,2
75,0000-00-00,LM,,,,20429,0,2,0000-00-00,82,0,,H38,2
76,0000-00-00,LM,,,,20429,0,2,0000-00-00,87,0,,H38,2
77,0000-00-00,CH,,,,20426,0,2,0000-00-00,65,0,,H38,2
78,0000-00-00,CH,,,,20426,0,2,0000-00-00,65,0,,H38,2
79,0000-00-00,LM,,,,20429,0,2,0000-00-00,85,0,,H38,2
80,0000-00-00,LM,,,,20429,0,2,0000-00-00,70,0,,H38,2
81,0000-00-00,AN,,,,20175,0,2,0000-00-00,70,0,,H38,2
82,0000-00-00,LM,,,,20429,0,2,0000-00-00,92,0,,H38,2
83,0000-00-00,AN,,,,20175,0,2,0000-00-00,80,0,,H38,2
84,0000-00-00,AN,,,,20175,0,2,0000-00-00,70,0,,H38,2
85,0000-00-00,AN,,,,20175,0,2,0000-00-00,72,0,,H38,2
86,0000-00-00,AN,,,,20175,0,2,0000-00-00,82,0,,H38,2
87,0000-00-00,AN,,,,20172,0,2,0000-00-00,68,0,,H38,2
88,0000-00-00,AN,,,,20168,0,2,0000-00-00,84,0,,H38,9
89,0000-00-00,AN,,,,20172,0,2,0000-00-00,74,0,,H38,2
90,0000-00-00,AN,,,,20168,0,2,0000-00-00,98,0,,H38,9
91,0000-00-00,CH,,,,20157,0,2,0000-00-00,74,0,,H38,12
92,0000-00-00,CH,,,,20157,0,2,0000-00-00,72,0,,H38,7
93,0000-00-00,CH,,,,20131,0,2,0000-00-00,66,0,,H38,10
94,0000-00-00,CH,,,,20426,0,2,0000-00-00,82,0,,H38,15
95,0000-00-00,CH,,,,20170,0,2,0000-00-00,78,0,,H38,11
96,0000-00-00,AN,,,,20168,0,2,0000-00-00,96,0,,H38,9
97,0000-00-00,CH,,,,20150,0,2,0000-00-00,76,0,,H38,9
98,0000-00-00,CH,,,,20162,0,2,0000-00-00,96,0,,H38,7
99,0000-00-00,CH,,,,20157,0,2,0000-00-00,66,0,,H38,9
100,0000-00-00,CH,,,,20150,0,2,0000-00-00,90,0,,H38,7
101,0000-00-00,CH,,,,20000,0,2,0000-00-00,86,0,,H38,8
102,0000-00-00,CH,,,,20152,0,2,0000-00-00,84,0,,H38,9
103,0000-00-00,CH,,,,20131,0,2,0000-00-00,94,0,,H38,7
104,0000-00-00,CH,,,,20131,0,2,0000-00-00,94,0,,H38,10
105,0000-00-00,CH,,,,20169,0,2,0000-00-00,72,0,,H38,10
106,0000-00-00,CH,,,,20170,0,2,0000-00-00,96,0,,H38,8
107,0000-00-00,CH,,,,20165,0,2,0000-00-00,76,0,,H38,9
108,0000-00-00,CH,,,,20000,0,2,0000-00-00,72,0,,H38,9
109,0000-00-00,CH,,,,20131,0,2,0000-00-00,74,0,,H38,4
110,0000-00-00,CH,,,,20131,0,2,0000-00-00,90,0,,H38,9
111,0000-00-00,CH,,,,20165,0,2,0000-00-00,96,0,,H38,9
112,0000-00-00,CH,,,,20155,0,2,0000-00-00,86,0,,H38,10
113,0000-00-00,CH,,,,20131,0,2,0000-00-00,128,0,,H38,10
114,0000-00-00,CH,,,,20170,0,2,0000-00-00,85,0,,H38,7
115,0000-00-00,CH,,,,20155,0,2,0000-00-00,93,0,,H38,8
116,0000-00-00,CH,,,,20131,0,2,0000-00-00,89,0,,H38,14
117,0000-00-00,CH,,,,20169,0,2,0000-00-00,85,0,,H38,11
118,0000-00-00,CH,,,,20104,0,2,0000-00-00,86,0,,H38,10
119,0000-00-00,CH,,,,20157,0,2,0000-00-00,88,0,,H38,7
120,0000-00-00,CH,,,,20131,0,2,0000-00-00,85,0,,H38,5
121,0000-00-00,CH,,,,20157,0,2,0000-00-00,95,0,,H38,7
122,0000-00-00,CH,,,,20426,0,2,0000-00-00,88,0,,H38,13
123,0000-00-00,AN,,,,20173,0,2,0000-00-00,80,0,,H38,2
124,0000-00-00,CH,,,,20131,0,2,0000-00-00,72,0,,H38,10
125,0000-00-00,CH,,,,20165,0,2,0000-00-00,92,0,,H38,12
126,0000-00-00,CH,,,,20157,0,2,0000-00-00,68,0,,H38,7
127,0000-00-00,CH,,,,20170,0,2,0000-00-00,89,0,,H38,10
128,0000-00-00,CH,,,,20170,0,2,0000-00-00,79,0,,H38,8
129,0000-00-00,CH,,,,20114,0,2,0000-00-00,92,0,,H38,6
130,0000-00-00,AN,,,,20173,0,2,0000-00-00,70,0,,H38,2
131,0000-00-00,CH,,,,20162,0,2,0000-00-00,80,0,,H38,3
132,0000-00-00,CH,,,,20170,0,2,0000-00-00,88,0,,H38,14
133,0000-00-00,CH,,,,20152,0,2,0000-00-00,76,0,,H38,7
134,0000-00-00,CH,,,,20114,0,2,0000-00-00,96,0,,H38,4
135,0000-00-00,CH,,,,20155,0,2,0000-00-00,80,0,,H38,12
136,0000-00-00,CH,,,,20131,0,2,0000-00-00,68,0,,H38,13
137,0000-00-00,CH,,,,20131,0,2,0000-00-00,85,0,,H38,9
138,0000-00-00,CH,,,,20157,0,2,0000-00-00,95,0,,H38,7
139,0000-00-00,CH,,,,20169,0,2,0000-00-00,90,0,,H38,7
140,0000-00-00,CH,,,,20162,0,2,0000-00-00,84,0,,H38,3
141,0000-00-00,CH,,,,20162,0,2,0000-00-00,80,0,,H38,3
142,0000-00-00,CH,,,,20150,0,2,0000-00-00,82,0,,H38,5
143,0000-00-00,CH,,,,20169,0,2,0000-00-00,95,0,,H38,7
144,0000-00-00,CH,,,,20162,0,2,0000-00-00,98,0,,H38,12
145,0000-00-00,CH,,,,20152,0,2,0000-00-00,66,0,,H38,7
146,0000-00-00,CH,,,,20169,0,2,0000-00-00,92,0,,H38,10
147,0000-00-00,CH,,,,20170,0,2,0000-00-00,60,0,,H38,8
148,0000-00-00,CH,,,,20162,0,2,0000-00-00,100,0,,H38,11
149,0000-00-00,CH,,,,20000,0,2,0000-00-00,80,0,,H38,7
150,0000-00-00,CH,,,,20157,0,2,0000-00-00,78,0,,H38,11
151,0000-00-00,CH,,,,20169,0,2,0000-00-00,90,0,,H38,5
152,0000-00-00,CH,,,,20155,0,2,0000-00-00,108,0,,H38,9
153,0000-00-00,CH,,,,20170,0,2,0000-00-00,80,0,,H38,12
154,0000-00-00,CH,,,,20162,0,2,0000-00-00,92,0,,H38,3
155,0000-00-00,CH,,,,20162,0,2,0000-00-00,100,0,,H38,4
156,0000-00-00,CH,,,,20162,0,2,0000-00-00,72,0,,H38,3
157,0000-00-00,CH,,,,20157,0,2,0000-00-00,80,0,,H38,8
158,0000-00-00,CH,,,,20104,0,2,0000-00-00,100,0,,H38,8
159,0000-00-00,CH,,,,20157,0,2,0000-00-00,70,0,,H38,12
160,0000-00-00,CH,,,,20157,0,2,0000-00-00,95,0,,H38,7
161,0000-00-00,CH,,,,20131,0,2,0000-00-00,82,0,,H38,8
162,0000-00-00,CH,,,,20131,0,2,0000-00-00,88,0,,H38,10
163,0000-00-00,CH,,,,20165,0,2,0000-00-00,88,0,,H38,7
164,0000-00-00,CH,,,,20155,0,2,0000-00-00,82,0,,H38,4
165,0000-00-00,CH,,,,20131,0,2,0000-00-00,80,0,,H38,8
166,0000-00-00,CH,,,,20169,0,2,0000-00-00,91,0,,H38,12
167,0000-00-00,CH,,,,20162,0,2,0000-00-00,82,0,,H38,10
168,0000-00-00,CH,,,,20170,0,2,0000-00-00,90,0,,H38,9
169,0000-00-00,CH,,,,20150,0,2,0000-00-00,76,0,,H38,7
170,0000-00-00,CH,,,,20165,0,2,0000-00-00,84,0,,H38,8
171,0000-00-00,CH,,,,20157,0,2,0000-00-00,94,0,,H38,8
172,0000-00-00,CH,,,,20169,0,2,0000-00-00,70,0,,H38,7
173,0000-00-00,CH,,,,20150,0,2,0000-00-00,110,0,,H38,7
174,0000-00-00,CH,,,,20165,0,2,0000-00-00,72,0,,H38,4
175,0000-00-00,CH,,,,20152,0,2,0000-00-00,78,0,,H38,12
176,0000-00-00,CH,,,,20157,0,2,0000-00-00,81,0,,H38,7
177,0000-00-00,CH,,,,20131,0,2,0000-00-00,99,0,,H38,7
178,0000-00-00,CH,,,,20152,0,2,0000-00-00,90,0,,H38,4
179,0000-00-00,CH,,,,20169,0,2,0000-00-00,82,0,,H38,11
180,0000-00-00,CH,,,,20131,0,2,0000-00-00,91,0,,H38,9
181,0000-00-00,CH,,,,20162,0,2,0000-00-00,88,0,,H38,3
182,0000-00-00,CH,,,,20162,0,2,0000-00-00,98,0,,H38,9
183,0000-00-00,CH,,,,20165,0,2,0000-00-00,90,0,,H38,10
184,0000-00-00,CH,,,,20104,0,2,0000-00-00,94,0,,H38,8
185,0000-00-00,CH,,,,20114,0,2,0000-00-00,82,0,,H38,8
186,0000-00-00,CH,,,,20155,0,2,0000-00-00,79,0,,H38,8
187,0000-00-00,CH,,,,20131,0,2,0000-00-00,100,0,,H38,7
188,0000-00-00,CH,,,,20150,0,2,0000-00-00,99,0,,H38,7
189,0000-00-00,CH,,,,20114,0,2,0000-00-00,114,0,,H38,10
190,0000-00-00,CH,,,,20000,0,2,0000-00-00,112,0,,H38,9
191,0000-00-00,CH,,,,20150,0,2,0000-00-00,65,0,,H38,7
192,0000-00-00,CH,,,,20170,0,2,0000-00-00,108,0,,H38,9
193,0000-00-00,CH,,,,20114,0,2,0000-00-00,69,0,,H38,12
194,0000-00-00,CH,,,,20426,0,2,0000-00-00,89,0,,H38,4
195,0000-00-00,LO,,,,20430,10210,3,0000-00-00,50,1,,H38,2
196,0000-00-00,LOLOARAN,,,,20430,10198,2,0000-00-00,35,1,,H38,2
197,0000-00-00,LOLOANAN,,,,20430,10208,3,0000-00-00,48,1,,H38,2
198,0000-00-00,LOLOARAN,,,,20430,10203,2,0000-00-00,45,1,,H38,2
199,0000-00-00,ARLOANAN,,,,20437,10184,3,0000-00-00,60,1,,H38,3
200,0000-00-00,ARLOANAN,,,,20437,10196,2,0000-00-00,60,1,,H38,3
201,0000-00-00,LOLOARAN,,,,20430,10197,3,0000-00-00,63,1,,H38,2
202,0000-00-00,ARLOANHH,,,,20435,10142,2,0000-00-00,60,1,,H38,5
203,0000-00-00,ARLOANSM,,,,20437,10185,2,0000-00-00,74,1,,H38,3
204,0000-00-00,ARLOARHH,,,,20471,10056,3,0000-00-00,84,1,,H38,10
205,0000-00-00,LOLOARAN,,,,20430,10204,3,0000-00-00,54,1,,H38,2
206,0000-00-00,LO,,,,20430,10212,2,0000-00-00,45,1,,H38,2
207,0000-00-00,ARLOARAN,,,,20435,10129,3,0000-00-00,75,1,,H38,5
208,0000-00-00,ARLOAN,,,,20435,10088,2,0000-00-00,72,1,,H38,7
209,0000-00-00,ARLOANAN,,,,20435,10157,3,0000-00-00,72,1,,H38,5
210,0000-00-00,ARARLOAN,,,,20435,448,3,0000-00-00,73,1,,H38,4
211,0000-00-00,LOLOARHH,,,,20430,10199,3,0000-00-00,62,1,,H38,2
212,0000-00-00,ARLOHH,,,,20472,467,3,0000-00-00,76,1,,H38,4
213,0000-00-00,ARLOANMX,,,,20437,10183,2,0000-00-00,65,1,,H38,3
214,0000-00-00,ARLOARAN,,,,20435,10134,3,0000-00-00,83,1,,H38,5
215,0000-00-00,ARLOANHH,,,,20435,10104,3,0000-00-00,80,1,,H38,7
216,0000-00-00,ARARLOAN,,,,20447,466,3,0000-00-00,89,1,,H38,4
217,0000-00-00,LOLOANAR,,,,20430,10202,3,0000-00-00,50,1,,H38,2
218,0000-00-00,ARLOANAN,,,,20437,10188,3,0000-00-00,70,1,,H38,3
219,0000-00-00,ARLOANHH,,,,20447,10108,2,0000-00-00,70,1,,H38,7
220,0000-00-00,ARLOANHH,,,,20447,10139,3,0000-00-00,90,1,,H38,5
221,0000-00-00,ARLOLOHH,,,,20447,373,2,0000-00-00,75,1,,H38,7
222,0000-00-00,ARLOANAR,,,,20437,10180,3,0000-00-00,70,1,,H38,3
223,0000-00-00,LO,,,,20430,10213,3,0000-00-00,70,1,,H38,2
224,0000-00-00,ARARLOAN,,,,20447,471,3,0000-00-00,64,1,,H38,4
225,0000-00-00,ARLOHHAR,,,,20472,372,2,0000-00-00,63,1,,H38,7
226,0000-00-00,ARLOARHH,,,,20447,10124,2,0000-00-00,84,1,,H38,5
227,0000-00-00,ARANARHH,,,,20447,10163,2,0000-00-00,80,1,,H38,4
228,0000-00-00,ARARLOAN,,,,20435,400,3,0000-00-00,70,1,,H38,5
229,0000-00-00,ARLOAN,,,,20472,10111,3,0000-00-00,84,1,,H38,7
230,0000-00-00,ARLOANAN,,,,20437,10194,2,0000-00-00,88,1,,H38,3
231,0000-00-00,ARLOANAN,,,,20471,10113,3,0000-00-00,85,1,,H38,7
232,0000-00-00,ARLOLOAN,,,,20471,375,2,0000-00-00,79,1,,H38,7
233,0000-00-00,ARLOANHH,,,,20435,10138,3,0000-00-00,70,1,,H38,5
234,0000-00-00,LOLOANHH,,,,20430,10207,2,0000-00-00,51,1,,H38,2
235,0000-00-00,LO,,,,20430,10209,3,0000-00-00,54,1,,H38,2
236,0000-00-00,LOLOANHH,,,,20430,10200,3,0000-00-00,67,1,,H38,2
237,0000-00-00,LO,,,,20430,10214,2,0000-00-00,54,1,,H38,2
238,0000-00-00,ARLOANHH,,,,20471,10062,3,0000-00-00,80,1,,H38,9
239,0000-00-00,ARLOANAN,,,,20437,10195,2,0000-00-00,60,1,,H38,3
240,0000-00-00,ARLOANHH,,,,20447,10115,3,0000-00-00,73,1,,H38,7
241,0000-00-00,LOLOARAN,,,,20430,10206,2,0000-00-00,54,1,,H38,2
242,0000-00-00,LOLOARAN,,,,20430,10201,3,0000-00-00,56,1,,H38,2
243,0000-00-00,ARLOANHH,,,,20471,10103,2,0000-00-00,75,1,,H38,7
244,0000-00-00,ARLOARAN,,,,20437,10181,3,0000-00-00,75,1,,H38,3
245,0000-00-00,ARARLOAN,,,,20435,480,3,0000-00-00,80,1,,H38,4
246,0000-00-00,ARARLOAN,,,,20447,402,3,0000-00-00,83,1,,H38,5
247,0000-00-00,ARLOLOHH,,,,20447,414,2,0000-00-00,73,1,,H38,5
248,0000-00-00,ARLOANHH,,,,20472,10102,2,0000-00-00,84,1,,H38,7
249,0000-00-00,ARARLOAN,,,,20435,453,2,0000-00-00,75,1,,H38,4
250,0000-00-00,ARLOANAN,,,,20447,10086,2,0000-00-00,70,1,,H38,7
251,0000-00-00,ARARLOAN,,,,20435,457,2,0000-00-00,70,1,,H38,4
252,0000-00-00,ARLOANGV,,,,20471,10059,2,0000-00-00,84,1,,H38,9
253,0000-00-00,ARARLOLO,,,,20435,478,3,0000-00-00,89,1,,H38,4
254,0000-00-00,ARLOANAN,,,,20447,10096,2,0000-00-00,69,1,,H38,7
255,0000-00-00,ARARLOLO,,,,20447,417,3,0000-00-00,93,1,,H38,5
256,0000-00-00,ARLOANAN,,,,20437,10192,3,0000-00-00,77,1,,H38,3
257,0000-00-00,ARLOANHH,,,,20447,10156,3,0000-00-00,72,1,,H38,5
258,0000-00-00,ARLOANAN,,,,20437,10187,2,0000-00-00,64,1,,H38,3
259,0000-00-00,ARLOAN,,,,20437,10193,2,0000-00-00,70,1,,H38,3
260,0000-00-00,ARLOAN,,,,20447,10093,2,0000-00-00,69,1,,H38,7
261,0000-00-00,ARARLOAN,,,,20447,472,3,0000-00-00,93,1,,H38,4
262,0000-00-00,ARLOANAN,,,,20437,10191,2,0000-00-00,74,1,,H38,3
263,0000-00-00,ARARLOAN,,,,20435,424,3,0000-00-00,85,1,,H38,5
264,0000-00-00,ARLOANAN,,,,20472,10119,3,0000-00-00,110,1,,H38,7
265,0000-00-00,ARARLOAN,,,,20447,403,2,0000-00-00,75,1,,H38,5
266,0000-00-00,LO,,,,20430,10216,3,0000-00-00,65,1,,H38,2
267,0000-00-00,ARLOANAN,,,,20447,10118,2,0000-00-00,110,1,,H38,7
268,0000-00-00,ARARANAN,,,,20447,10176,2,0000-00-00,85,1,,H38,4
269,0000-00-00,ARARLOAN,,,,20435,461,2,0000-00-00,74,1,,H38,4
270,0000-00-00,ARLOHHAR,,,,20447,420,3,0000-00-00,86,1,,H38,5
271,0000-00-00,ARLOANAN,,,,20437,10186,2,0000-00-00,72,1,,H38,3
272,0000-00-00,ARARLOAN,,,,20435,434,2,0000-00-00,90,1,,H38,5
273,0000-00-00,ARLOARHH,,,,20472,10095,3,0000-00-00,100,1,,H38,7
274,0000-00-00,ARLOARHH,,,,20437,10182,2,0000-00-00,71,1,,H38,3
275,0000-00-00,LOLOARAN,,,,20430,10205,2,0000-00-00,65,1,,H38,2
276,0000-00-00,ARANLOAN,,,,20435,463,3,0000-00-00,96,1,,H38,4
277,0000-00-00,ARANLOHH,,,,20435,456,2,0000-00-00,75,1,,H38,4
278,0000-00-00,ARLOARAN,,,,20435,10131,2,0000-00-00,83,1,,H38,5
279,0000-00-00,LO,,,,20430,10215,2,0000-00-00,50,1,,H38,2
280,0000-00-00,LO,,,,20430,10211,3,0000-00-00,80,1,,H38,2
281,0000-00-00,LMLOARAN,,,,20429,10198,2,0000-00-00,65,1,,H38,3
282,0000-00-00,ARARLOLO,,,,20437,417,2,0000-00-00,76,1,,H38,6
283,0000-00-00,ARLOANGV,,,,20473,10059,3,0000-00-00,85,1,,H38,10
284,0000-00-00,ARLOANAN,,,,20425,10096,2,0000-00-00,80,1,,H38,8
285,0000-00-00,ARLOANAN,,,,20473,10188,2,0000-00-00,78,1,,H38,4
286,0000-00-00,ARLOARAN,,,,20425,10134,3,0000-00-00,81,1,,H38,6
287,0000-00-00,ARARLOAN,,,,20437,402,3,0000-00-00,66,1,,H38,6
288,0000-00-00,ARLOANHH,,,,20447,10138,2,0000-00-00,75,1,,H38,6
289,0000-00-00,ARLOARAN,,,,20437,10181,2,0000-00-00,75,1,,H38,4
290,0000-00-00,ARLOHHAR,,,,20437,372,2,0000-00-00,49,1,,H38,8
291,0000-00-00,ARARLOAN,,,,20437,453,2,0000-00-00,65,1,,H38,5
292,0000-00-00,LOLOSHAN,,,,20430,10221,3,0000-00-00,62,1,,H38,2
293,0000-00-00,LMLOARAN,,,,20429,10197,3,0000-00-00,76,1,,H38,3
294,0000-00-00,LMLO,,,,20429,10212,2,0000-00-00,80,1,,H38,3
295,0000-00-00,LOLOANAR,,,,20430,10218,2,0000-00-00,55,1,,H38,2
296,0000-00-00,ARARLOAN,,,,20447,472,2,0000-00-00,75,1,,H38,5
297,0000-00-00,ARARLOAN,,,,20425,466,2,0000-00-00,74,1,,H38,5
298,0000-00-00,ARLOLOHH,,,,20437,414,3,0000-00-00,76,1,,H38,6
299,0000-00-00,ARLOARAN,,,,20437,10129,3,0000-00-00,93,1,,H38,6
300,0000-00-00,ARLOANHH,,,,20437,10102,3,0000-00-00,75,1,,H38,8
301,0000-00-00,ARLOHHAR,,,,20473,420,2,0000-00-00,87,1,,H38,6
302,0000-00-00,LMLO,,,,20429,10214,3,0000-00-00,74,1,,H38,3
303,0000-00-00,ARLOANAN,,,,20473,10192,3,0000-00-00,89,1,,H38,4
304,0000-00-00,ARLOANHH,,,,20437,10115,3,0000-00-00,70,1,,H38,8
305,0000-00-00,ARLOANAN,,,,20437,10184,2,0000-00-00,60,1,,H38,4
306,0000-00-00,ARLOAN,,,,20473,10093,2,0000-00-00,84,1,,H38,8
307,0000-00-00,LMLO,,,,20429,10213,3,0000-00-00,96,1,,H38,3
308,0000-00-00,LOLOARGV,,,,20430,10222,3,0000-00-00,65,1,,H38,2
309,0000-00-00,ARLOLOHH,,,,20437,373,3,0000-00-00,72,1,,H38,8
310,0000-00-00,LMLO,,,,20429,10216,3,0000-00-00,85,1,,H38,3
311,0000-00-00,LMANLOHH,,,,20429,456,3,0000-00-00,82,1,,H38,5
312,0000-00-00,ARLOANAN,,,,20437,10187,2,0000-00-00,65,1,,H38,4
313,0000-00-00,ARLOAN,,,,20447,10088,3,0000-00-00,89,1,,H38,8
314,0000-00-00,ARLOANAN,,,,20447,10195,2,0000-00-00,85,1,,H38,4
315,0000-00-00,LOLOARGV,,,,20430,10220,2,0000-00-00,60,1,,H38,2
316,0000-00-00,ARLOANAR,,,,20437,10180,3,0000-00-00,75,1,,H38,4
317,0000-00-00,ARLOANHH,,,,20437,10142,2,0000-00-00,65,1,,H38,6
318,0000-00-00,LMLO,,,,20429,10210,3,0000-00-00,74,1,,H38,3
319,0000-00-00,LOLOANGV,,,,20430,10217,3,0000-00-00,69,1,,H38,2
320,0000-00-00,ARARLOAN,,,,20437,461,2,0000-00-00,70,1,,H38,5
321,0000-00-00,ARLOANHH,,,,20473,10104,2,0000-00-00,83,1,,H38,8
322,0000-00-00,ARLOAN,,,,20447,10111,3,0000-00-00,81,1,,H38,8
323,0000-00-00,ARARLOAN,,,,20447,403,2,0000-00-00,85,1,,H38,6
324,0000-00-00,ARLOANHH,,,,20437,10139,3,0000-00-00,95,1,,H38,6
325,0000-00-00,ARARLOAN,,,,20447,480,2,0000-00-00,95,1,,H38,5
326,0000-00-00,LMANLOAN,,,,20429,463,2,0000-00-00,115,1,,H38,5
327,0000-00-00,ARARLOAN,,,,20437,424,3,0000-00-00,66,1,,H38,6
328,0000-00-00,ARARLOAN,,,,20473,457,2,0000-00-00,90,1,,H38,5
329,0000-00-00,ARLOLOAN,,,,20447,375,2,0000-00-00,80,1,,H38,8
330,0000-00-00,ARLOANAN,,,,20447,10196,3,0000-00-00,97,1,,H38,4
331,0000-00-00,ARANARHH,,,,20473,10163,2,0000-00-00,84,1,,H38,5
332,0000-00-00,LMLO,,,,20429,10209,3,0000-00-00,80,1,,H38,3
333,0000-00-00,ARLOANMX,,,,20447,10183,3,0000-00-00,82,1,,H38,4
334,0000-00-00,ARARANAN,,,,20447,10176,3,0000-00-00,114,1,,H38,5
335,0000-00-00,ARLOANAN,,,,20437,10118,3,0000-00-00,93,1,,H38,8
336,0000-00-00,ARLOANAN,,,,20425,10186,2,0000-00-00,92,1,,H38,4
337,0000-00-00,ARLOANSM,,,,20437,10185,3,0000-00-00,82,1,,H38,4
338,0000-00-00,ARLOANAN,,,,20447,10157,2,0000-00-00,115,1,,H38,6
339,0000-00-00,ARLOANHH,,,,20447,10156,3,0000-00-00,91,1,,H38,6
340,0000-00-00,ARARLOAN,,,,20447,448,2,0000-00-00,67,1,,H38,5
341,0000-00-00,ARARLOAN,,,,20447,400,2,0000-00-00,68,1,,H38,6
342,0000-00-00,ARLOARHH,,,,20437,10095,3,0000-00-00,80,1,,H38,8
343,0000-00-00,LMLOARHH,,,,20429,10199,3,0000-00-00,75,1,,H38,3
344,0000-00-00,ARLOANHH,,,,20447,10108,3,0000-00-00,85,1,,H38,8
345,0000-00-00,LMLOARAN,,,,20429,10204,3,0000-00-00,83,1,,H38,3
346,0000-00-00,ARLOANAN,,,,20447,10119,3,0000-00-00,95,1,,H38,8
347,0000-00-00,LMLOANAR,,,,20429,10202,2,0000-00-00,71,1,,H38,3
348,0000-00-00,LMLOARAN,,,,20429,10201,2,0000-00-00,61,1,,H38,3
349,0000-00-00,ARLOANAN,,,,20437,10194,2,0000-00-00,72,1,,H38,4
350,0000-00-00,ARLOANAN,,,,20447,10191,2,0000-00-00,110,1,,H38,4
351,0000-00-00,ARARLOLO,,,,20425,478,2,0000-00-00,87,1,,H38,5
352,0000-00-00,LMLOARAN,,,,20429,10206,2,0000-00-00,57,1,,H38,3
353,0000-00-00,ARLOANAN,,,,20447,10086,3,0000-00-00,90,1,,H38,8
354,0000-00-00,ARARLOAN,,,,20447,434,3,0000-00-00,95,1,,H38,6
355,0000-00-00,ARLOARAN,,,,20425,10203,3,0000-00-00,77,1,,H38,3
356,0000-00-00,ARLOANHH,,,,20425,10200,2,0000-00-00,66,1,,H38,3
357,0000-00-00,LOLOSHAR,,,,20430,10219,3,0000-00-00,63,1,,H38,2
358,0000-00-00,ARARLOAN,,,,20447,471,3,0000-00-00,97,1,,H38,5
359,0000-00-00,ARLOARAN,,,,20425,10205,3,0000-00-00,75,1,,H38,3
360,0000-00-00,ARLOANHH,,,,20447,10103,2,0000-00-00,78,1,,H38,8
361,0000-00-00,ARLOAN,,,,20425,10193,0,0000-00-00,30,1,,H38,4
362,0000-00-00,ARLOANAN,,,,20437,10113,2,0000-00-00,62,1,,H38,8
363,0000-00-00,ARLOARHH,,,,20447,10182,3,0000-00-00,99,1,,H38,4
364,0000-00-00,CH,,,,20205,0,2,0000-00-00,86,0,,H38,7
365,0000-00-00,CH,,,,20205,0,2,0000-00-00,90,0,,H38,7
366,0000-00-00,CH,,,,20203,0,2,0000-00-00,105,0,,H38,6
367,0000-00-00,LOAN,,,9.85E+14,20087,10055,3,0000-00-00,52,1,,H38,2
368,0000-00-00,LOHHARHH,,,9.85E+14,20087,10056,3,0000-00-00,70,1,,H38,2
370,0000-00-00,LOLOANHH,,,9.99E+14,20087,10062,3,0000-00-00,60,1,,H38,2
371,0000-00-00,LOLOANAN,,,9.99E+14,20087,10060,3,0000-00-00,54,1,,H38,2
374,0000-00-00,LOLOANGV,,,9.99E+14,20087,10059,3,0000-00-00,80,1,,H38,2
376,0000-00-00,LOANARHH,,,9.99E+14,20087,10057,3,0000-00-00,82,1,,H38,3
378,0000-00-00,LOLOAN,,,9.99E+14,20087,10061,3,0000-00-00,88,1,,H38,2
379,0000-00-00,LOLOANAN,,,,20087,10072,3,0000-00-00,58,1,,H38,2
380,0000-00-00,LOLOANAN,,,9.49E+14,20087,10060,3,0000-00-00,70,1,,H38,3
381,0000-00-00,LOLOANAR,,,9.49E+14,20087,369,2,0000-00-00,70,1,,H38,2
382,0000-00-00,LOLOANHH,,,9.49E+14,20087,10062,2,0000-00-00,68,1,,H38,3
383,0000-00-00,LOANARHH,,,9.49E+14,20087,10057,2,0000-00-00,72,1,,H38,4
384,0000-00-00,LOLOHH,,,9.49E+14,20087,10070,3,0000-00-00,72,3,,H38,2
385,0000-00-00,LOAN,,,9.49E+14,20087,10055,2,0000-00-00,62,1,,H38,4
386,0000-00-00,LOLOANAR,,,9.49E+14,20087,10063,2,0000-00-00,58,1,,H38,3
387,0000-00-00,LOLOANHH,,,,20087,10069,3,0000-00-00,70,1,,H38,2
388,0000-00-00,LOLOANGV,,,9.49E+14,20087,10059,3,0000-00-00,80,1,,H38,3
389,0000-00-00,LOHHARHH,,,9.49E+14,20087,10056,3,0000-00-00,69,1,,H38,4
390,0000-00-00,LOLOAN,,,9.49E+14,20087,10061,2,0000-00-00,62,1,,H38,3
391,0000-00-00,LOLOANHH,,,9.49E+14,20087,10078,2,0000-00-00,74,1,,H38,2
392,0000-00-00,LOLOHHAN,,,9.49E+14,20087,10064,3,0000-00-00,72,1,,H38,3
393,0000-00-00,LOLOANHH,,,,20087,10074,3,0000-00-00,72,1,,H38,2
394,0000-00-00,LOLOHHHH,,,9.49E+14,20087,10077,2,0000-00-00,52,1,,H38,2
397,0000-00-00,ARLOANAN,,,9.49E+14,20360,10106,2,0000-00-00,56,1,,H38,2
399,0000-00-00,LOLOANAR,,,9.49E+14,20087,369,2,0000-00-00,62,1,,H38,3
404,0000-00-00,ARLOANAN,,,9.49E+14,20360,10101,3,0000-00-00,72,1,,H38,2
405,0000-00-00,ARLOANHH,,,9.49E+14,20360,10104,3,0000-00-00,64,1,,H38,2
410,0000-00-00,LOLOHH,,,9.49E+14,20087,10070,2,0000-00-00,70,1,,H38,3
411,0000-00-00,LOLOANHH,,,9.49E+14,20087,10062,3,0000-00-00,86,1,,H38,4
412,0000-00-00,ARLOANAN,,,9.49E+14,20360,10086,2,0000-00-00,64,1,,H38,2
413,0000-00-00,ARLOANAN,,,9.49E+14,20360,10118,3,0000-00-00,70,1,,H38,2
415,0000-00-00,ARLOARHP,,,9.49E+14,20360,10097,2,0000-00-00,71,1,,H38,2
416,0000-00-00,LOLOHHHH,,,9.49E+14,20087,10077,3,0000-00-00,67,1,,H38,3
418,0000-00-00,ARLOANAR,,,9.49E+14,20360,10110,3,0000-00-00,70,1,,H38,2
419,0000-00-00,ARLOHHHH,,,,20360,10084,2,0000-00-00,79,1,,H38,2
421,0000-00-00,LOLOANHH,,,9.49E+14,20087,10074,2,0000-00-00,68,1,,H38,3
423,0000-00-00,ARLOANAN,,,,20360,10109,2,0000-00-00,64,1,,H38,2
425,0000-00-00,ARLOARHH,,,,20360,10095,3,0000-00-00,88,3,,H38,2
427,0000-00-00,ARLOANHH,,,9.49E+14,20360,10102,3,0000-00-00,74,1,,H38,2
428,0000-00-00,ARLOANAN,,,9.49E+14,20360,10119,2,0000-00-00,74,1,,H38,2
430,0000-00-00,ARLOANHH,,,9.49E+14,20360,10099,3,0000-00-00,54,1,,H38,2
431,0000-00-00,LOLOAN,,,9.49E+14,20087,10061,3,0000-00-00,88,1,,H38,4
432,0000-00-00,ARLOANAN,,,9.49E+14,20360,10096,3,0000-00-00,64,1,,H38,2
433,0000-00-00,ARLOAN,,,9.49E+14,20360,10093,3,0000-00-00,66,1,,H38,2
435,0000-00-00,ARLOANHH,,,,20360,10116,3,0000-00-00,82,5,,H38,2
436,0000-00-00,ARLOANHH,,,9.49E+14,20360,10082,3,0000-00-00,70,1,,H38,2
437,0000-00-00,ARLOANAN,,,,20360,10091,2,0000-00-00,58,1,,H38,2
438,0000-00-00,ARLOLOAN,,,9.49E+14,20360,375,3,0000-00-00,60,1,,H38,2
440,0000-00-00,ARLOANHH,,,9.49E+14,20360,10108,3,0000-00-00,62,1,,H38,2
441,0000-00-00,ARLOAN,,,9.49E+14,20360,10092,2,0000-00-00,72,1,,H38,2
442,0000-00-00,ARLOANHH,,,9.49E+14,20360,10103,3,0000-00-00,60,1,,H38,2
443,0000-00-00,LOANHP,,,,20423,10089,0,0000-00-00,0,1,,H38,2
444,0000-00-00,LOANAR,,,,20423,10090,0,0000-00-00,0,1,,H38,2
445,0000-00-00,ARLOANHH,,,,20360,10115,3,0000-00-00,64,1,,H38,3
446,0000-00-00,ANLOANHH,,,,20139,10062,3,0000-00-00,64,1,,H38,5
447,0000-00-00,ARLOLOAN,,,,20360,375,2,0000-00-00,54,1,,H38,3
449,0000-00-00,AN,,,,20139,10055,2,0000-00-00,65,1,,H38,6
450,0000-00-00,SHHHARHH,,,,20431,10056,3,0000-00-00,54,1,,H38,6
451,0000-00-00,ARLOAN,,,,20360,10107,3,0000-00-00,62,1,,H38,3
454,0000-00-00,ARLOHHAR,,,,20360,372,2,0000-00-00,50,1,,H38,3
455,0000-00-00,ARLOANAN,,,,20425,10113,3,0000-00-00,56,1,,H38,3
458,0000-00-00,ARLOANHH,,,,20360,10116,3,0000-00-00,76,1,,H38,3
459,0000-00-00,ARLOANAN,,,,20425,10109,3,0000-00-00,82,1,,H38,3
460,0000-00-00,ARLOANAR,,,,20360,10110,3,0000-00-00,80,1,,H38,3
462,0000-00-00,ARLOANHH,,,,20360,10098,3,0000-00-00,82,1,,H38,3
464,0000-00-00,ARLOANHH,,,,20360,10108,3,0000-00-00,92,1,,H38,3
465,0000-00-00,ANLOHHAN,,,,20139,10064,3,0000-00-00,90,1,,H38,5
468,0000-00-00,ARLOAN,,,,20360,10117,3,0000-00-00,60,3,,H38,3
469,0000-00-00,ARLOANAN,,,,20360,10118,3,0000-00-00,90,1,,H38,3
473,0000-00-00,ARLOHHHH,,,,20361,10077,3,0000-00-00,60,1,,H38,4
474,0000-00-00,ARLOAN,,,,20360,10093,3,0000-00-00,72,1,,H38,3
476,0000-00-00,ARLOAN,,,,20360,377,3,0000-00-00,50,1,,H38,3
477,0000-00-00,ARLOANAR,,,,20363,10063,3,0000-00-00,76,1,,H38,5
481,0000-00-00,ARLOARHH,,,,20360,10095,3,0000-00-00,90,1,,H38,3
482,0000-00-00,ARANARHH,,,,20355,10057,3,0000-00-00,82,1,,H38,6
483,0000-00-00,ARLOANHH,,,,20360,10103,3,0000-00-00,62,1,,H38,3
484,0000-00-00,ARLOANAN,,,,20425,10114,3,0000-00-00,64,1,,H38,3
486,0000-00-00,LOANANAN,,,,20423,10106,0,0000-00-00,0,1,,H38,3
487,0000-00-00,ARLOAN,,,9.99E+14,20425,10141,2,0000-00-00,72,1,,H38,2
488,0000-00-00,ARLOAN,,,9.82E+14,20425,408,3,0000-00-00,67,1,,H38,2
489,0000-00-00,ARARLOHH,,,9.82E+14,20425,406,3,0000-00-00,79,1,,H38,2
490,0000-00-00,ARLOARAN,,,9.99E+14,20425,10129,2,0000-00-00,66,1,,H38,2
491,0000-00-00,ARARLOAN,,,9.99E+14,20425,402,2,0000-00-00,72,1,,H38,2
492,0000-00-00,ARLOARHH,,,9.99E+14,20425,10124,2,0000-00-00,74,1,,H38,2
493,0000-00-00,ARLOLOAN,,,9.82E+14,20425,398,3,0000-00-00,75,1,,H38,2
494,0000-00-00,ARLOANHH,,,9.82E+14,20425,10142,3,0000-00-00,80,1,,H38,2
495,0000-00-00,ARLOHHAR,,,9.82E+14,20425,420,1,0000-00-00,75,5,,H38,2
496,0000-00-00,ARARLOAN,,,9.99E+14,20425,424,2,0000-00-00,62,1,,H38,2
497,0000-00-00,ARARLOAN,,,9.99E+14,20425,400,2,0000-00-00,59,1,,H38,2
498,0000-00-00,ARARLOAN,,,9.99E+14,20425,403,2,0000-00-00,55,1,,H38,2
499,0000-00-00,ARLOANAN,,,9.99E+14,20425,10157,2,0000-00-00,55,1,,H38,2
500,0000-00-00,ARLOAN,,,9.82E+14,20425,10149,1,0000-00-00,76,1,,H38,2
501,0000-00-00,ARARLOAN,,,9.99E+14,20425,422,2,0000-00-00,86,1,,H38,2
502,0000-00-00,ARARLOAN,,,,20425,429,2,0000-00-00,50,1,,H38,2
503,0000-00-00,ARLOANHH,,,9.99E+14,20425,10078,2,0000-00-00,78,1,,H38,5
504,0000-00-00,ARLOANHH,,,9.99E+14,20436,10115,2,0000-00-00,86,1,,H38,4
505,0000-00-00,ARLOANAN,,,9.82E+14,20425,10126,3,0000-00-00,80,1,,H38,2
506,0000-00-00,ARLOANHH,,,9.99E+14,20425,10139,1,0000-00-00,62,1,,H38,2
507,0000-00-00,ARLOANAR,,,9.82E+14,20425,396,3,0000-00-00,56,1,,H38,2
508,0000-00-00,ARLOANHH,,,9.99E+14,20440,10062,2,0000-00-00,84,1,,H38,6
509,0000-00-00,ARLOANHP,,,9.82E+14,20425,10153,3,0000-00-00,70,5,,H38,2
510,0000-00-00,ARLOANAR,,,9.82E+14,20436,10057,1,0000-00-00,74,1,,H38,7
511,0000-00-00,ARLOANHH,,,9.99E+14,20425,10116,2,0000-00-00,72,1,,H38,4
512,0000-00-00,ARLOANAN,,,9.99E+14,20425,10109,2,0000-00-00,66,1,,H38,4
513,0000-00-00,ARLOANAR,,,9.99E+14,20425,10063,2,0000-00-00,65,1,,H38,6
514,0000-00-00,ARLOANAN,,,9.82E+14,20425,10144,3,0000-00-00,68,1,,H38,2
515,0000-00-00,ARLOLOAN,,,9.99E+14,20425,395,2,0000-00-00,50,1,,H38,2
516,0000-00-00,ARLOANAN,,,9.99E+14,20425,10101,2,0000-00-00,72,1,,H38,4
517,0000-00-00,ARLOANHH,,,9.99E+14,20425,10156,2,0000-00-00,70,1,,H38,2
518,0000-00-00,ARLOANGV,,,9.82E+14,20425,10059,3,0000-00-00,70,1,,H38,6
519,0000-00-00,ARLOANHH,,,9.99E+14,20425,10082,1,0000-00-00,86,1,,H38,4
520,0000-00-00,ARLOANAN,,,9.82E+14,20425,10096,1,0000-00-00,74,1,,H38,4
521,0000-00-00,ARLOAN,,,9.82E+14,20441,10055,1,0000-00-00,68,1,,H38,7
522,0000-00-00,ARLOAN,,,9.99E+14,20425,10093,2,0000-00-00,66,1,,H38,4
523,0000-00-00,ARLOAN,,,9.99E+14,20425,10107,2,0000-00-00,58,1,,H38,4
524,0000-00-00,ARLOAN,,,9.99E+14,20436,10117,2,0000-00-00,75,1,,H38,4
525,0000-00-00,ARLOARHH,,,9.82E+14,20425,10130,3,0000-00-00,90,3,,H38,2
526,0000-00-00,ARLOANHH,,,9.82E+14,20436,10104,1,0000-00-00,90,1,,H38,4
527,0000-00-00,ARLOARHH,,,9.99E+14,20436,10056,2,0000-00-00,80,1,,H38,7
528,0000-00-00,LOLOHHAR,,,9.82E+14,20430,372,3,0000-00-00,62,1,,H38,4
529,0000-00-00,ARLOANAN,,,9.99E+14,20436,10113,2,0000-00-00,78,1,,H38,4
530,0000-00-00,ARLOARAN,,,9.82E+14,20425,10131,3,0000-00-00,70,1,,H38,2
531,0000-00-00,ARLOLOAN,,,9.82E+14,20436,375,1,0000-00-00,76,1,,H38,4
532,0000-00-00,ARLOANHH,,,9.82E+14,20425,10138,3,0000-00-00,82,1,,H38,2
533,0000-00-00,ARLOARHH,,,9.82E+14,20436,10095,1,0000-00-00,85,1,,H38,4
534,0000-00-00,ARLOANHH,,,9.82E+14,20436,10074,3,0000-00-00,80,1,,H38,5
535,0000-00-00,ARLOANHH,,,9.82E+14,20436,10102,3,0000-00-00,85,1,,H38,4
536,0000-00-00,ARLOANHH,,,9.99E+14,20436,10105,2,0000-00-00,82,1,,H38,4
537,0000-00-00,ARLOANAN,,,9.82E+14,20440,10119,1,0000-00-00,86,1,,H38,4
538,0000-00-00,ARARLOAN,,,9.99E+14,20425,439,2,0000-00-00,44,1,,H38,2
539,0000-00-00,ARLOANAN,,,9.99E+14,20436,10114,2,0000-00-00,68,1,,H38,4
540,0000-00-00,ARARLOAN,,,9.99E+14,20425,434,2,0000-00-00,86,1,,H38,2
541,0000-00-00,ARLOLOHH,,,9.99E+14,20440,373,2,0000-00-00,80,1,,H38,4
542,0000-00-00,ARLOANHH,,,9.99E+14,20436,10103,2,0000-00-00,70,1,,H38,4
543,0000-00-00,ARARLOLO,,,9.82E+14,20425,417,1,0000-00-00,72,1,,H38,2
544,0000-00-00,ARLOHHHH,,,9.82E+14,20425,10077,3,0000-00-00,47,1,,H38,5
545,0000-00-00,ARLOANHH,,,9.82E+14,20425,10108,1,0000-00-00,75,1,,H38,4
546,0000-00-00,ARLOLOAN,,,9.99E+14,20425,401,2,0000-00-00,62,1,,H38,2
547,0000-00-00,LOLOANAN,,,9.82E+14,20430,10106,3,0000-00-00,68,1,,H38,4
548,0000-00-00,ARLOARAN,,,9.82E+14,20425,10134,3,0000-00-00,75,1,,H38,2
549,0000-00-00,ARLOHH,,,9.99E+14,20425,10070,2,0000-00-00,80,1,,H38,5
550,0000-00-00,ARLOANHH,,,9.99E+14,20425,10098,2,0000-00-00,80,1,,H38,4
551,0000-00-00,ARLOHHAN,,,9.99E+14,20425,10064,2,0000-00-00,84,1,,H38,6
552,0000-00-00,ARLOAN,,,9.82E+14,20425,10111,3,0000-00-00,84,1,,H38,4
553,0000-00-00,ARLOAN,,,9.99E+14,20436,10088,2,0000-00-00,72,1,,H38,4
554,0000-00-00,ARLOANAN,,,9.99E+14,20436,10118,2,0000-00-00,92,1,,H38,4
555,0000-00-00,ARLOANAR,,,,20425,10150,0,0000-00-00,0,1,,H38,2
556,0000-00-00,ARARLOAN,,,,20425,407,3,0000-00-00,60,4,,H38,2
557,0000-00-00,ARLOAN,,,,20436,10061,2,0000-00-00,80,1,,H38,6
558,0000-00-00,ARLOANHH,,,,20423,426,0,0000-00-00,0,1,,H38,2
559,0000-00-00,LOANANGV,,,,20423,10086,0,0000-00-00,0,1,,H38,4
560,0000-00-00,ARLOLOHH,,,,20425,414,0,0000-00-00,0,1,,H38,2
561,0000-00-00,ARLOANAR,,,,20425,10148,2,0000-00-00,74,1,,H38,2
562,0000-00-00,ARLOLOAN,,,,20425,409,2,0000-00-00,60,1,,H38,2
563,0000-00-00,ARARLOAN,,,9.82E+14,20083,471,2,0000-00-00,58,1,,H38,2
564,0000-00-00,ARARLOAN,,,9.82E+14,20083,480,3,0000-00-00,94,3,,H38,2
565,0000-00-00,ARARLOAN,,,9.82E+14,20083,448,2,0000-00-00,62,1,,H38,2
566,0000-00-00,ARANLOAN,,,9.82E+14,20083,463,3,0000-00-00,62,1,,H38,2
567,0000-00-00,ARLOANAN,,,9.82E+14,20425,10096,3,0000-00-00,81,1,,H38,5
568,0000-00-00,ARARLOLO,,,9.82E+14,20083,478,2,0000-00-00,80,1,,H38,2
569,0000-00-00,ARARANAN,,,9.82E+14,20083,10176,3,0000-00-00,68,5,,H38,2
570,0000-00-00,ARANARHP,,,9.82E+14,20083,10167,2,0000-00-00,62,1,,H38,2
571,0000-00-00,ARARLOAN,,,9.82E+14,20083,453,2,0000-00-00,72,1,,H38,2
572,0000-00-00,ARLOARHH,,,9.82E+14,20425,10130,3,0000-00-00,82,1,,H38,3
573,0000-00-00,ARARLOAN,,,9.82E+14,20083,461,2,0000-00-00,80,1,,H38,2
574,0000-00-00,ARLOARAN,,,9.82E+14,20425,10129,2,0000-00-00,62,1,,H38,3
575,0000-00-00,ARLOHHAR,,,9.82E+14,20425,372,2,0000-00-00,48,1,,H38,5
576,0000-00-00,ARLOANHH,,,9.82E+14,20447,10138,2,0000-00-00,70,1,,H38,3
577,0000-00-00,ARARLOAN,,,9.82E+14,20083,472,3,0000-00-00,68,1,,H38,2
578,0000-00-00,ARANARHH,,,9.82E+14,20083,10163,3,0000-00-00,80,1,,H38,2
579,0000-00-00,ARARLOAN,,,9.82E+14,20425,422,2,0000-00-00,54,1,,H38,3
580,0000-00-00,LOLOAN,,,9.82E+14,20133,10088,2,0000-00-00,68,1,,H38,5
581,0000-00-00,LOARLOAN,,,9.82E+14,20133,426,2,0000-00-00,60,1,,H38,3
582,0000-00-00,LOLOLOAN,,,9.82E+14,20133,409,2,0000-00-00,68,1,,H38,3
583,0000-00-00,ARAN,,,9.82E+14,20447,10055,3,0000-00-00,78,1,,H38,8
584,0000-00-00,ARARLOAN,,,9.82E+14,20425,424,2,0000-00-00,60,1,,H38,3
585,0000-00-00,ARLOLOAN,,,9.82E+14,20425,395,2,0000-00-00,58,1,,H38,3
586,0000-00-00,ARLOAN,,,9.82E+14,20425,10141,2,0000-00-00,70,1,,H38,3
587,0000-00-00,ARLOANHH,,,9.82E+14,20425,10104,3,0000-00-00,80,1,,H38,5
588,0000-00-00,ARARLOAN,,,9.82E+14,20425,400,2,0000-00-00,62,1,,H38,3
589,0000-00-00,ARLOLOHH,,,9.82E+14,20425,373,2,0000-00-00,64,1,,H38,5
590,0000-00-00,ARLOANHH,,,9.82E+14,20425,10082,3,0000-00-00,68,1,,H38,5
591,0000-00-00,LOARLOAN,,,9.82E+14,20430,479,2,0000-00-00,52,1,,H38,2
592,0000-00-00,ARLOANHH,,,9.82E+14,20425,10102,3,0000-00-00,70,1,,H38,5
593,0000-00-00,LOLOANAN,,,9.82E+14,20133,10086,3,0000-00-00,80,1,,H38,5
594,0000-00-00,ARLOLOAN,,,9.82E+14,20425,375,2,0000-00-00,70,1,,H38,5
595,0000-00-00,ARHHARHH,,,9.82E+14,20425,10056,3,0000-00-00,60,1,,H38,8
596,0000-00-00,LOARLOAN,,,9.82E+14,20430,485,2,0000-00-00,56,1,,H38,2
597,0000-00-00,LOLOLOHH,,,9.82E+14,20133,414,3,0000-00-00,70,1,,H38,3
598,0000-00-00,ARLOHHHH,,,9.82E+14,20425,10077,2,0000-00-00,62,1,,H38,6
599,0000-00-00,ARARLOAN,,,9.82E+14,20425,402,2,0000-00-00,62,1,,H38,3
600,0000-00-00,ARLOANAN,,,,20425,10106,2,0000-00-00,61,1,,H38,5
601,0000-00-00,ARLOANAR,,,9.82E+14,20425,10063,2,0000-00-00,60,1,,H38,7
602,0000-00-00,ARLOANHH,,,9.82E+14,20425,10116,3,0000-00-00,68,1,,H38,5
603,0000-00-00,ARLOANHH,,,9.82E+14,20425,10142,3,0000-00-00,76,1,,H38,3
604,0000-00-00,ARLOANAN,,,9.82E+14,20447,10113,2,0000-00-00,70,1,,H38,5
605,0000-00-00,ARLOHHAR,,,9.82E+14,20437,420,3,0000-00-00,68,1,,H38,3
606,0000-00-00,ARLOAN,,,9.82E+14,20425,10111,2,0000-00-00,74,1,,H38,5
607,0000-00-00,ARLOAN,,,9.82E+14,20437,10093,3,0000-00-00,66,1,,H38,5
608,0000-00-00,LOLOANHH,,,9.82E+14,20283,10062,1,0000-00-00,59,1,,H38,7
609,0000-00-00,LOARLOAN,,,9.82E+14,20133,407,3,0000-00-00,60,1,,H38,3
610,0000-00-00,ARLOANHH,,,9.82E+14,20425,10103,3,0000-00-00,62,1,,H38,5
611,0000-00-00,ARLOANAN,,,9.82E+14,20425,10119,3,0000-00-00,78,1,,H38,5
612,0000-00-00,ARLOARHH,,,9.82E+14,20425,10095,2,0000-00-00,62,1,,H38,5
613,0000-00-00,ARLOANHH,,,9.82E+14,20425,10156,3,0000-00-00,68,1,,H38,3
614,0000-00-00,LOARLOAN,,,9.82E+14,20430,467,2,0000-00-00,60,1,,H38,2
615,0000-00-00,ARLOANAN,,,9.82E+14,20437,10157,2,0000-00-00,61,1,,H38,3
616,0000-00-00,LOARLOAN,,,9.82E+14,20430,475,2,0000-00-00,54,1,,H38,2
617,0000-00-00,ARLOARAN,,,9.82E+14,20437,10131,2,0000-00-00,52,1,,H38,3
618,0000-00-00,ARANARHH,,,9.82E+14,20425,10057,3,0000-00-00,74,1,,H38,8
619,0000-00-00,ARLOANHH,,,9.82E+14,20447,10078,2,0000-00-00,84,1,,H38,6
620,0000-00-00,LOARLOAN,,,9.82E+14,20430,457,3,0000-00-00,70,1,,H38,2
621,0000-00-00,ARLOANHH,,,9.82E+14,20425,10139,2,0000-00-00,78,1,,H38,3
622,0000-00-00,ARLOARHH,,,9.82E+14,20425,10124,3,0000-00-00,68,1,,H38,3
623,0000-00-00,ARLOANHH,,,9.82E+14,20425,10098,3,0000-00-00,68,1,,H38,5
624,0000-00-00,ARLOHH,,,9.82E+14,20425,10070,2,0000-00-00,70,1,,H38,6
625,0000-00-00,ARARLOLO,,,9.82E+14,20447,417,2,0000-00-00,78,1,,H38,3
626,0000-00-00,ARLOANHH,,,9.82E+14,20425,10108,3,0000-00-00,70,1,,H38,5
627,0000-00-00,LOLOANAN,,,9.82E+14,20133,10118,3,0000-00-00,82,1,,H38,5
628,0000-00-00,LOARLOAN,,,,20430,452,3,0000-00-00,70,1,,H38,2
629,0000-00-00,LOLOANAN,,,9.82E+14,20133,10114,3,0000-00-00,64,1,,H38,5
630,0000-00-00,ARARLOAN,,,9.82E+14,20447,403,2,0000-00-00,70,1,,H38,3
631,0000-00-00,LOLOANAR,,,,20133,10148,3,0000-00-00,82,1,,H38,3
632,0000-00-00,ARLOAN,,,9.82E+14,20425,10117,3,0000-00-00,62,1,,H38,5
633,0000-00-00,LOANLOHH,,,9.82E+14,20430,456,3,0000-00-00,70,1,,H38,2
634,0000-00-00,ARLOANHH,,,9.82E+14,20425,10115,3,0000-00-00,78,1,,H38,5
635,0000-00-00,ARARLOAN,,,,20425,434,2,0000-00-00,56,1,,H38,3
636,0000-00-00,LOLOANGV,,,9.82E+14,20283,10059,1,0000-00-00,74,1,,H38,7
637,0000-00-00,LOARLOAN,,,9.82E+14,20430,466,3,0000-00-00,65,1,,H38,2
638,0000-00-00,ARLOARAN,,,9.82E+14,20425,10134,2,0000-00-00,70,1,,H38,3
639,0000-00-00,ARLOLOAN,,,,20425,401,2,0000-00-00,64,1,,H38,3
640,0000-00-00,ARARLOAN,,,,20425,439,2,0000-00-00,44,1,,H38,3
641,0000-00-00,ARARLOHH,,,,20425,406,3,0000-00-00,72,1,,H38,3
642,0000-00-00,LOARLOAN,,,,20430,470,2,0000-00-00,52,1,,H38,2
643,0000-00-00,ARLOAN,,,,20447,408,2,0000-00-00,54,1,,H38,3
644,0000-00-00,LOLOANAR,,,,20133,10150,2,0000-00-00,68,1,,H38,3
645,0000-00-00,ARLOANAN,,,,20425,10126,0,0000-00-00,0,1,,H38,3
646,0000-00-00,HP,,,,20245,0,2,0000-00-00,84,0,,H38,4
647,0000-00-00,HP,,,,20246,0,2,0000-00-00,90,0,,H38,5
648,0000-00-00,HP,,,,20247,0,2,0000-00-00,92,0,,H38,2
649,0000-00-00,HP,,,,20246,0,2,0000-00-00,74,0,,H38,5
650,0000-00-00,HP,,,,20243,0,2,0000-00-00,80,0,,H38,4
651,0000-00-00,HP,,,,20246,0,2,0000-00-00,94,0,,H38,10
652,0000-00-00,HP,,,,20246,0,2,0000-00-00,112,0,,H38,7
653,0000-00-00,HP,,,,20061,0,2,0000-00-00,80,0,,H38,5
654,0000-00-00,HP,,,,20243,0,2,0000-00-00,62,0,,H38,4
655,0000-00-00,HP,,,,20246,0,2,0000-00-00,100,0,,H38,11
656,0000-00-00,HP,,,,20061,0,2,0000-00-00,92,0,,H38,6
657,0000-00-00,HP,,,,20246,0,2,0000-00-00,94,0,,H38,4
658,0000-00-00,HP,,,,20245,0,2,0000-00-00,80,0,,H38,5
659,0000-00-00,HP,,,,20246,0,2,0000-00-00,102,0,,H38,4
660,0000-00-00,HP,,,,20245,0,2,0000-00-00,82,0,,H38,5
661,0000-00-00,HP,,,,20244,0,2,0000-00-00,84,0,,H38,7
662,0000-00-00,HP,,,,20246,0,2,0000-00-00,96,0,,H38,9
663,0000-00-00,HP,,,,20246,0,2,0000-00-00,78,0,,H38,9
664,0000-00-00,HP,,,,20245,0,2,0000-00-00,90,0,,H38,7
665,0000-00-00,ARLOAN,,,9.49E+14,20437,10088,3,0000-00-00,56,1,,H38,6
666,0000-00-00,ARLOLOAN,,,9.49E+14,531,10195,2,0000-00-00,50,1,,H38,2
667,0000-00-00,ARLOANHH,,,9.49E+14,20437,10138,2,0000-00-00,60,1,,H38,4
668,0000-00-00,ARARLOAN,,,,20437,479,3,0000-00-00,55,1,,H38,3
669,0000-00-00,ARLOLOAN,,,9.49E+14,20439,409,2,0000-00-00,60,1,,H38,4
670,0000-00-00,ARLOLOAN,,,9.49E+14,495,10196,3,0000-00-00,60,1,,H38,2
671,0000-00-00,ARLOANSM,,,9.49E+14,495,10185,3,0000-00-00,65,1,,H38,2
672,0000-00-00,ARLOARHH,,,9.49E+14,20437,10124,2,0000-00-00,65,1,,H38,4
673,0000-00-00,ARLOARAN,,,9.49E+14,20425,10134,3,0000-00-00,82,1,,H38,4
674,0000-00-00,ARLOANAN,,,9.49E+14,20437,10113,3,0000-00-00,68,1,,H38,6
675,0000-00-00,ARLOLOAN,,,9.49E+14,531,10193,2,0000-00-00,55,1,,H38,2
676,0000-00-00,ARLOAN,,,9.49E+14,20444,10141,2,0000-00-00,75,1,,H38,4
677,0000-00-00,ARARLOAN,,,9.49E+14,20439,403,3,0000-00-00,75,1,,H38,4
678,0000-00-00,ARARLOAN,,,9.49E+14,20425,485,3,0000-00-00,75,1,,H38,3
679,0000-00-00,ARLOARAN,,,9.49E+14,20425,10131,3,0000-00-00,77,1,,H38,4
680,0000-00-00,ARARLOLO,,,9.49E+14,20444,478,2,0000-00-00,80,1,,H38,3
681,0000-00-00,ANANARMX,,,9.49E+14,20424,10156,2,0000-00-00,55,1,,H38,4
682,0000-00-00,ARLOANHH,,,9.49E+14,20425,10082,2,0000-00-00,75,1,,H38,6
683,0000-00-00,ARLOANGV,,,9.49E+14,20439,10059,3,0000-00-00,75,1,,H38,8
684,0000-00-00,ARLOLOAN,,,9.49E+14,531,10187,2,0000-00-00,65,1,,H38,2
685,0000-00-00,ARARLOAN,,,9.49E+14,20437,422,2,0000-00-00,42,1,,H38,4
686,0000-00-00,ARANLOAN,,,9.49E+14,20437,463,2,0000-00-00,65,1,,H38,3
687,0000-00-00,ARLOHH,,,9.49E+14,20439,10070,2,0000-00-00,70,1,,H38,7
688,0000-00-00,ARLOLOAN,,,9.49E+14,495,10191,2,0000-00-00,55,1,,H38,2
689,0000-00-00,ARLOLOAN,,,9.49E+14,531,10194,2,0000-00-00,52,1,,H38,2
690,0000-00-00,ARARLOAN,,,9.49E+14,20439,472,2,0000-00-00,82,1,,H38,3
691,0000-00-00,ARLOARAN,,,9.49E+14,20439,10129,3,0000-00-00,85,1,,H38,4
692,0000-00-00,ARLOLOAN,,,9.49E+14,495,10183,2,0000-00-00,55,1,,H38,2
693,0000-00-00,ARLOANHH,,,9.49E+14,20444,10104,2,0000-00-00,80,1,,H38,6
694,0000-00-00,ARLOLOAN,,,9.49E+14,20439,375,2,0000-00-00,78,1,,H38,6
695,0000-00-00,ARLOAN,,,9.49E+14,20439,10111,2,0000-00-00,73,1,,H38,6
696,0000-00-00,ARARLOAN,,,9.49E+14,20439,480,2,0000-00-00,86,1,,H38,3
697,0000-00-00,ARARLOAN,,,9.49E+14,20439,424,2,0000-00-00,80,1,,H38,4
698,0000-00-00,ARLOLOAN,,,9.49E+14,495,10190,3,0000-00-00,70,1,,H38,2
699,0000-00-00,ARLOANAN,,,9.49E+14,20439,10086,2,0000-00-00,82,1,,H38,6
700,0000-00-00,ARARLOAN,,,9.49E+14,20437,461,3,0000-00-00,72,1,,H38,3
701,0000-00-00,ARLOANHH,,,9.49E+14,20437,10078,3,0000-00-00,75,1,,H38,7
702,0000-00-00,ARLOANHH,,,,20447,10115,3,0000-00-00,100,1,,H38,6
703,0000-00-00,ARLOHHAR,,,9.49E+14,20439,372,2,0000-00-00,72,1,,H38,6
704,0000-00-00,ARLOARHH,,,9.49E+14,20444,10056,2,0000-00-00,67,1,,H38,9
705,0000-00-00,ARLOLOAN,,,9.49E+14,531,10184,2,0000-00-00,63,1,,H38,2
706,0000-00-00,ARARLOAN,,,9.49E+14,20447,448,3,0000-00-00,90,1,,H38,3
707,0000-00-00,ARLOANHH,,,9.49E+14,20447,10142,3,0000-00-00,90,1,,H38,4
708,0000-00-00,ARANARHH,,,9.49E+14,20437,10163,3,0000-00-00,80,1,,H38,3
709,0000-00-00,ARLOLOAN,,,9.49E+14,521,10188,2,0000-00-00,75,1,,H38,2
710,0000-00-00,ARARLOAN,,,9.49E+14,20425,400,2,0000-00-00,60,1,,H38,4
711,0000-00-00,ARLOANHH,,,9.49E+14,20437,10103,2,0000-00-00,60,1,,H38,6
712,0000-00-00,ARLOLOAN,,,,495,10186,2,0000-00-00,75,1,,H38,2
713,0000-00-00,ARLOANHH,,,9.49E+14,20437,10108,3,0000-00-00,75,1,,H38,6
714,0000-00-00,ARARLOAN,,,9.49E+14,20439,457,3,0000-00-00,82,1,,H38,3
715,0000-00-00,ARLOHHAR,,,9.49E+14,20425,420,3,0000-00-00,75,1,,H38,4
716,0000-00-00,ARARLOAN,,,9.49E+14,20425,467,3,0000-00-00,80,3,,H38,3
717,0000-00-00,ARLOLOHH,,,9.49E+14,20439,373,3,0000-00-00,75,1,,H38,6
718,0000-00-00,ARLOANHH,,,9.49E+14,20437,10102,3,0000-00-00,72,1,,H38,6
719,0000-00-00,ARARLOAN,,,9.49E+14,20425,471,2,0000-00-00,82,1,,H38,3
720,0000-00-00,ARLOANAN,,,9.49E+14,20439,10118,2,0000-00-00,75,1,,H38,6
721,0000-00-00,ARLOLOAN,,,9.49E+14,521,10180,3,0000-00-00,60,1,,H38,2
722,0000-00-00,ARARLOAN,,,9.49E+14,20444,402,3,0000-00-00,85,1,,H38,4
723,0000-00-00,ARLOANAN,,,9.49E+14,20437,10157,2,0000-00-00,85,1,,H38,4
724,0000-00-00,ARLOLOAR,,,9.49E+14,531,10182,2,0000-00-00,75,1,,H38,2
725,0000-00-00,ARLOLOAR,,,9.49E+14,521,10181,3,0000-00-00,75,1,,H38,2
726,0000-00-00,ARLOANAR,,,9.49E+14,20437,10057,2,0000-00-00,60,1,,H38,9
727,0000-00-00,ARLOARHH,,,9.49E+14,20439,10095,3,0000-00-00,65,1,,H38,6
728,0000-00-00,ARLOANHH,,,9.49E+14,20447,10062,3,0000-00-00,75,1,,H38,8
729,0000-00-00,ARANLOHH,,,9.49E+14,20425,456,3,0000-00-00,82,1,,H38,3
730,0000-00-00,ARLOHHAN,,,9.49E+14,20439,10055,3,0000-00-00,75,1,,H38,9
731,0000-00-00,ARLOAN,,,9.49E+14,20439,10093,2,0000-00-00,80,1,,H38,6
732,0000-00-00,ARARLOAN,,,9.49E+14,20425,434,3,0000-00-00,85,1,,H38,4
733,0000-00-00,ARANARHP,,,9.49E+14,20425,10167,3,0000-00-00,80,1,,H38,3
734,0000-00-00,ARARANAN,,,9.49E+14,20437,10176,2,0000-00-00,70,1,,H38,3
735,0000-00-00,ARLOLOAN,,,9.49E+14,531,10192,2,0000-00-00,70,1,,H38,2
736,0000-00-00,ARLOANAN,,,9.49E+14,20447,10096,2,0000-00-00,72,1,,H38,6
737,0000-00-00,ARARLOAN,,,9.49E+14,20425,466,2,0000-00-00,58,1,,H38,3
738,0000-00-00,ARLOANHH,,,9.49E+14,20447,10139,2,0000-00-00,75,1,,H38,4
739,0000-00-00,ARARLOAN,,,9.49E+14,20439,453,3,0000-00-00,70,1,,H38,3
740,0000-00-00,ARLOANAN,,,9.49E+14,20439,10119,3,0000-00-00,80,1,,H38,6
741,0000-00-00,ARARLOLO,,,9.49E+14,20437,417,3,0000-00-00,70,1,,H38,4
742,0000-00-00,ARLOANHH,,,,20439,10156,2,0000-00-00,70,4,,H38,4
743,0000-00-00,ARLOLOAN,,,,531,10189,2,0000-00-00,70,4,,H38,2
744,0000-00-00,ARLOLOAR,,,,531,10182,3,0000-00-00,62,1,,H38,2
745,0000-00-00,ARLOLOHH,,,,20439,414,2,0000-00-00,80,1,,H38,4
746,0000-00-00,ARARLOAN,,,,20444,407,0,0000-00-00,0,0,,H38,4
