1,1990-03-06,AN,,,,20177,0,2,,53,,,H38,2
2,1990-03-12,AN,,,,20177,0,2,,70,,,H38,2
3,1990-03-15,CH,,,,20196,0,2,,102,,,H38,8
4,1990-03-15,CH,,,,20196,0,2,,80,,,H38,9
5,1990-03-17,CH,,,,20152,0,2,,84,,,H38,8
6,1990-03-18,CH,,,,20201,0,2,,90,,,H38,6
7,1990-03-18,CH,,,,20196,0,2,,110,,,H38,6
8,1990-03-18,CH,,,,20204,0,2,,122,,,H38,3
9,1990-03-20,CH,,,,20201,0,2,,82,,,H38,7
10,1990-03-21,CH,,,,20196,0,2,,80,,,H38,8
11,1990-03-23,CH,,,,20201,0,2,,104,,,H38,8
12,1990-03-26,CH,,,,20201,0,2,,70,,,H38,8
13,1990-03-27,CH,,,,20201,0,2,,90,,,H38,7
14,1990-03-28,CH,,,,20196,0,2,,100,,,H38,8
15,1990-03-30,CH,,,,20200,0,2,,96,,,H38,3
16,1990-03-31,CH,,,,20200,0,2,,89,,,H38,5
17,1990-04-02,CH,,,,20200,0,2,,68,,,H38,6
18,1990-04-06,CH,,,,20150,0,2,,80,,,H38,5
19,1990-04-08,CH,,,,20197,0,2,,76,,,H38,11
20,1990-04-08,CH,,,,20150,0,2,,102,,,H38,7
21,1990-04-13,CH,,,,20198,0,2,,100,,,H38,5
22,1990-04-14,CH,,,,20201,0,2,,82,,,H38,8
23,1990-04-15,CH,,,,20196,0,2,,100,,,H38,8
24,1990-04-25,CH,,,,20201,0,2,,84,,,H38,9
25,1990-04-26,CH,,,,20201,0,2,,57,,,H38,6
26,1990-02-28,CH,,,,20150,0,2,,70,,,H38,5
27,1990-03-01,CH,,,,20150,0,2,,97,,,H38,6
28,1990-03-07,CH,,,,20150,0,2,,81,,,H38,4
29,1990-03-10,CH,,,,20196,0,2,,75,,,H38,5
30,1990-03-10,CH,,,,20210,0,2,,85,,,H38,7
31,1990-03-10,CH,,,,20210,0,2,,93,,,H38,7
32,1990-03-10,CH,,,,20205,0,2,,78,,,H38,6
33,1990-03-12,CH,,,,20205,0,2,,86,,,H38,7
34,1990-03-12,CH,,,,20152,0,2,,75,,,H38,9
35,1990-03-13,CH,,,,20198,0,2,,87,,,H38,7
36,1990-03-13,CH,,,,20210,0,2,,97,,,H38,6
37,1990-03-15,CH,,,,20204,0,2,,84,,,H38,4
38,1990-03-14,CH,,,,20197,0,2,,80,,,H38,4
39,1990-03-15,CH,,,,20202,0,2,,72,,,H38,6
40,1990-03-16,CH,,,,20204,0,2,,90,,,H38,5
41,1990-03-15,CH,,,,20150,0,2,,84,,,H38,4
42,1990-03-16,CH,,,,20210,0,2,,90,,,H38,8
43,1990-03-16,CH,,,,20210,0,2,,115,,,H38,6
44,1990-03-18,CH,,,,20204,0,2,,97,,,H38,4
45,1990-03-19,CH,,,,20200,0,2,,79,,,H38,9
46,1990-03-19,CH,,,,20209,0,2,,72,,,H38,5
47,1990-03-19,CH,,,,20209,0,2,,66,,,H38,7
48,1990-03-22,CH,,,,20197,0,2,,88,,,H38,4
49,1990-03-23,CH,,,,20203,0,2,,92,,,H38,8
50,1990-03-23,CH,,,,20205,0,2,,100,,,H38,7
51,1990-03-23,CH,,,,20204,0,2,,115,,,H38,5
52,1990-03-24,CH,,,,20200,0,2,,70,,,H38,9
53,1990-03-23,CH,,,,20205,0,2,,92,,,H38,6
54,1990-03-26,CH,,,,20205,0,2,,93,,,H38,6
55,1990-03-26,CH,,,,20201,0,2,,97,,,H38,4
56,1990-03-26,CH,,,,20150,0,2,,81,,,H38,4
57,1990-03-28,CH,,,,20203,0,2,,70,,,H38,5
58,1990-03-30,CH,,,,20210,0,2,,87,,,H38,6
59,1990-03-30,CH,,,,20204,0,2,,87,,,H38,7
60,1990-03-30,CH,,,,20152,0,2,,88,,,H38,5
61,1990-03-31,CH,,,,20203,0,2,,84,,,H38,7
62,1990-03-31,CH,,,,20197,0,2,,78,,,H38,6
63,1990-03-31,CH,,,,20197,0,2,,88,,,H38,9
64,1990-03-31,CH,,,,20204,0,2,,110,,,H38,7
65,1990-04-02,CH,,,,20200,0,2,,82,,,H38,4
66,1990-04-06,CH,,,,20197,0,2,,81,,,H38,4
67,1990-04-06,CH,,,,20198,0,2,,82,,,H38,6
68,1990-04-06,CH,,,,20210,0,2,,108,,,H38,6
69,1990-04-08,CH,,,,20205,0,2,,95,,,H38,7
70,1990-04-08,CH,,,,20210,0,2,,82,,,H38,7
71,1990-04-12,CH,,,,20204,0,2,,85,,,H38,8
72,1990-04-21,CH,,,,20197,0,2,,95,,,H38,4
73,1990-05-01,CH,,,,20197,0,2,,69,,,H38,7
74,1993-01-25,LM,,,,20429,0,2,,77,,,H38,2
75,1993-01-28,LM,,,,20429,0,2,,82,,,H38,2
76,1993-01-30,LM,,,,20429,0,2,,87,,,H38,2
77,1993-02-02,CH,,,,20426,0,2,,65,,,H38,2
78,1993-02-03,CH,,,,20426,0,2,,65,,,H38,2
79,1993-02-03,LM,,,,20429,0,2,,85,,,H38,2
80,1993-02-06,LM,,,,20429,0,2,,70,,,H38,2
81,1993-02-11,AN,,,,20175,0,2,,70,,,H38,2
82,1993-02-11,LM,,,,20429,0,2,,92,,,H38,2
83,1993-02-13,AN,,,,20175,0,2,,80,,,H38,2
84,1993-02-13,AN,,,,20175,0,2,,70,,,H38,2
85,1993-02-15,AN,,,,20175,0,2,,72,,,H38,2
86,1993-02-16,AN,,,,20175,0,2,,82,,,H38,2
87,1993-03-01,AN,,,,20172,0,2,,68,,,H38,2
88,1993-03-06,AN,,,,20168,0,2,,84,,,H38,9
89,1993-03-07,AN,,,,20172,0,2,,74,,,H38,2
90,1993-03-07,AN,,,,20168,0,2,,98,,,H38,9
91,1993-03-10,CH,,,,20157,0,2,,74,,,H38,12
92,1993-03-10,CH,,,,20157,0,2,,72,,,H38,7
93,1993-03-11,CH,,,,20131,0,2,,66,,,H38,10
94,1993-03-11,CH,,,,20426,0,2,,82,,,H38,15
95,1993-03-11,CH,,,,20170,0,2,,78,,,H38,11
96,1993-03-12,AN,,,,20168,0,2,,96,,,H38,9
97,1993-03-12,CH,,,,20150,0,2,,76,,,H38,9
98,1993-03-14,CH,,,,20162,0,2,,96,,,H38,7
99,1993-03-14,CH,,,,20157,0,2,,66,,,H38,9
100,1993-03-14,CH,,,,20150,0,2,,90,,,H38,7
101,1993-03-14,CH,,,,20000,0,2,,86,,,H38,8
102,1993-03-15,CH,,,,20152,0,2,,84,,,H38,9
103,1993-03-16,CH,,,,20131,0,2,,94,,,H38,7
104,1993-03-16,CH,,,,20131,0,2,,94,,,H38,10
105,1993-03-16,CH,,,,20169,0,2,,72,,,H38,10
106,1993-03-17,CH,,,,20170,0,2,,96,,,H38,8
107,1993-03-17,CH,,,,20165,0,2,,76,,,H38,9
108,1993-03-18,CH,,,,20000,0,2,,72,,,H38,9
109,1993-03-17,CH,,,,20131,0,2,,74,,,H38,4
110,1993-03-18,CH,,,,20131,0,2,,90,,,H38,9
111,1993-03-18,CH,,,,20165,0,2,,96,,,H38,9
112,1993-03-18,CH,,,,20155,0,2,,86,,,H38,10
113,1993-03-18,CH,,,,20131,0,2,,128,,,H38,10
114,1993-03-19,CH,,,,20170,0,2,,85,,,H38,7
115,1993-03-20,CH,,,,20155,0,2,,93,,,H38,8
116,1993-03-19,CH,,,,20131,0,2,,89,,,H38,14
117,1993-03-20,CH,,,,20169,0,2,,85,,,H38,11
118,1993-03-21,CH,,,,20104,0,2,,86,,,H38,10
119,1993-03-21,CH,,,,20157,0,2,,88,,,H38,7
120,1993-03-21,CH,,,,20131,0,2,,85,,,H38,5
121,1993-03-22,CH,,,,20157,0,2,,95,,,H38,7
122,1993-03-22,CH,,,,20426,0,2,,88,,,H38,13
123,1993-03-19,AN,,,,20173,0,2,,80,,,H38,2
124,1993-03-24,CH,,,,20131,0,2,,72,,,H38,10
125,1993-03-25,CH,,,,20165,0,2,,92,,,H38,12
126,1993-03-25,CH,,,,20157,0,2,,68,,,H38,7
127,1993-03-26,CH,,,,20170,0,2,,89,,,H38,10
128,1993-03-26,CH,,,,20170,0,2,,79,,,H38,8
129,1993-03-26,CH,,,,20114,0,2,,92,,,H38,6
130,1993-03-23,AN,,,,20173,0,2,,70,,,H38,2
131,1993-03-26,CH,,,,20162,0,2,,80,,,H38,3
132,1993-03-27,CH,,,,20170,0,2,,88,,,H38,14
133,1993-03-27,CH,,,,20152,0,2,,76,,,H38,7
134,1993-03-27,CH,,,,20114,0,2,,96,,,H38,4
135,1993-03-28,CH,,,,20155,0,2,,80,,,H38,12
136,1993-03-27,CH,,,,20131,0,2,,68,,,H38,13
137,1993-03-28,CH,,,,20131,0,2,,85,,,H38,9
138,1993-03-28,CH,,,,20157,0,2,,95,,,H38,7
139,1993-03-29,CH,,,,20169,0,2,,90,,,H38,7
140,1993-03-29,CH,,,,20162,0,2,,84,,,H38,3
141,1993-03-30,CH,,,,20162,0,2,,80,,,H38,3
142,1993-03-30,CH,,,,20150,0,2,,82,,,H38,5
143,1993-03-30,CH,,,,20169,0,2,,95,,,H38,7
144,1993-03-30,CH,,,,20162,0,2,,98,,,H38,12
145,1993-03-31,CH,,,,20152,0,2,,66,,,H38,7
146,1993-03-31,CH,,,,20169,0,2,,92,,,H38,10
147,1993-03-30,CH,,,,20170,0,2,,60,,,H38,8
148,1993-04-01,CH,,,,20162,0,2,,100,,,H38,11
149,1993-04-01,CH,,,,20000,0,2,,80,,,H38,7
150,1993-04-02,CH,,,,20157,0,2,,78,,,H38,11
151,1993-04-02,CH,,,,20169,0,2,,90,,,H38,5
152,1993-04-01,CH,,,,20155,0,2,,108,,,H38,9
153,1993-04-02,CH,,,,20170,0,2,,80,,,H38,12
154,1993-03-31,CH,,,,20162,0,2,,92,,,H38,3
155,1993-04-02,CH,,,,20162,0,2,,100,,,H38,4
156,1993-04-06,CH,,,,20162,0,2,,72,,,H38,3
157,1993-04-03,CH,,,,20157,0,2,,80,,,H38,8
158,1993-04-03,CH,,,,20104,0,2,,100,,,H38,8
159,1993-04-03,CH,,,,20157,0,2,,70,,,H38,12
160,1993-04-03,CH,,,,20157,0,2,,95,,,H38,7
161,1993-04-05,CH,,,,20131,0,2,,82,,,H38,8
162,1993-04-06,CH,,,,20131,0,2,,88,,,H38,10
163,1993-04-06,CH,,,,20165,0,2,,88,,,H38,7
164,1993-04-06,CH,,,,20155,0,2,,82,,,H38,4
165,1993-04-07,CH,,,,20131,0,2,,80,,,H38,8
166,1993-04-07,CH,,,,20169,0,2,,91,,,H38,12
167,1993-04-16,CH,,,,20162,0,2,,82,,,H38,10
168,1993-04-07,CH,,,,20170,0,2,,90,,,H38,9
169,1993-04-07,CH,,,,20150,0,2,,76,,,H38,7
170,1993-04-08,CH,,,,20165,0,2,,84,,,H38,8
171,1993-04-08,CH,,,,20157,0,2,,94,,,H38,8
172,1993-04-08,CH,,,,20169,0,2,,70,,,H38,7
173,1993-04-08,CH,,,,20150,0,2,,110,,,H38,7
174,1993-04-09,CH,,,,20165,0,2,,72,,,H38,4
175,1993-04-11,CH,,,,20152,0,2,,78,,,H38,12
176,1993-04-11,CH,,,,20157,0,2,,81,,,H38,7
177,1993-04-12,CH,,,,20131,0,2,,99,,,H38,7
178,1993-04-15,CH,,,,20152,0,2,,90,,,H38,4
179,1993-04-16,CH,,,,20169,0,2,,82,,,H38,11
180,1993-04-18,CH,,,,20131,0,2,,91,,,H38,9
181,1993-04-18,CH,,,,20162,0,2,,88,,,H38,3
182,1993-04-18,CH,,,,20162,0,2,,98,,,H38,9
183,1993-04-20,CH,,,,20165,0,2,,90,,,H38,10
184,1993-04-21,CH,,,,20104,0,2,,94,,,H38,8
185,1993-04-22,CH,,,,20114,0,2,,82,,,H38,8
186,1993-04-22,CH,,,,20155,0,2,,79,,,H38,8
187,1993-04-23,CH,,,,20131,0,2,,100,,,H38,7
188,1993-04-24,CH,,,,20150,0,2,,99,,,H38,7
189,1993-04-28,CH,,,,20114,0,2,,114,,,H38,10
190,1993-04-29,CH,,,,20000,0,2,,112,,,H38,9
191,1993-05-03,CH,,,,20150,0,2,,65,,,H38,7
192,1993-05-03,CH,,,,20170,0,2,,108,,,H38,9
193,1993-05-14,CH,,,,20114,0,2,,69,,,H38,12
194,1993-05-17,CH,,,,20426,0,2,,89,,,H38,4
195,2013-04-28,LO,,,,20430,10210,3,,50,1,,H38,2
196,2013-04-29,LOLOARAN,,,,20430,10198,2,,35,1,,H38,2
197,2013-04-30,LOLOANAN,,,,20430,10208,3,,48,1,,H38,2
198,2013-05-01,LOLOARAN,,,,20430,10203,2,,45,1,,H38,2
199,2013-05-03,ARLOANAN,,,,20437,10184,3,,60,1,,H38,3
200,2013-05-03,ARLOANAN,,,,20437,10196,2,,60,1,,H38,3
201,2013-05-05,LOLOARAN,,,,20430,10197,3,,63,1,,H38,2
202,2013-05-05,ARLOANHH,,,,20435,10142,2,,60,1,,H38,5
203,2013-05-06,ARLOANSM,,,,20437,10185,2,,74,1,,H38,3
204,2013-05-08,ARLOARHH,,,,20471,10056,3,,84,1,,H38,10
205,2013-05-08,LOLOARAN,,,,20430,10204,3,,54,1,,H38,2
206,2013-05-08,LO,,,,20430,10212,2,,45,1,,H38,2
207,2013-05-09,ARLOARAN,,,,20435,10129,3,,75,1,,H38,5
208,2013-05-08,ARLOAN,,,,20435,10088,2,,72,1,,H38,7
209,2013-05-08,ARLOANAN,,,,20435,10157,3,,72,1,,H38,5
210,2013-05-10,ARARLOAN,,,,20435,448,3,,73,1,,H38,4
211,2013-05-10,LOLOARHH,,,,20430,10199,3,,62,1,,H38,2
212,2013-05-11,ARLOHH,,,,20472,467,3,,76,1,,H38,4
213,2013-05-11,ARLOANMX,,,,20437,10183,2,,65,1,,H38,3
214,2013-05-12,ARLOARAN,,,,20435,10134,3,,83,1,,H38,5
215,2013-05-12,ARLOANHH,,,,20435,10104,3,,80,1,,H38,7
216,2013-05-14,ARARLOAN,,,,20447,466,3,,89,1,,H38,4
217,2013-05-15,LOLOANAR,,,,20430,10202,3,,50,1,,H38,2
218,2013-05-15,ARLOANAN,,,,20437,10188,3,,70,1,,H38,3
219,2013-05-15,ARLOANHH,,,,20447,10108,2,,70,1,,H38,7
220,2013-05-16,ARLOANHH,,,,20447,10139,3,,90,1,,H38,5
221,2013-05-16,ARLOLOHH,,,,20447,373,2,,75,1,,H38,7
222,2013-05-16,ARLOANAR,,,,20437,10180,3,,70,1,,H38,3
223,2013-05-17,LO,,,,20430,10213,3,,70,1,,H38,2
224,2013-05-17,ARARLOAN,,,,20447,471,3,,64,1,,H38,4
225,2013-05-18,ARLOHHAR,,,,20472,372,2,,63,1,,H38,7
226,2013-05-18,ARLOARHH,,,,20447,10124,2,,84,1,,H38,5
227,2013-05-18,ARANARHH,,,,20447,10163,2,,80,1,,H38,4
228,2013-05-18,ARARLOAN,,,,20435,400,3,,70,1,,H38,5
229,2013-05-19,ARLOAN,,,,20472,10111,3,,84,1,,H38,7
230,2013-05-19,ARLOANAN,,,,20437,10194,2,,88,1,,H38,3
231,2013-05-19,ARLOANAN,,,,20471,10113,3,,85,1,,H38,7
232,2013-05-19,ARLOLOAN,,,,20471,375,2,,79,1,,H38,7
233,2013-05-19,ARLOANHH,,,,20435,10138,3,,70,1,,H38,5
234,2013-05-19,LOLOANHH,,,,20430,10207,2,,51,1,,H38,2
235,2013-05-19,LO,,,,20430,10209,3,,54,1,,H38,2
236,2013-05-19,LOLOANHH,,,,20430,10200,3,,67,1,,H38,2
237,2013-05-20,LO,,,,20430,10214,2,,54,1,,H38,2
238,2013-05-20,ARLOANHH,,,,20471,10062,3,,80,1,,H38,9
239,2013-05-20,ARLOANAN,,,,20437,10195,2,,60,1,,H38,3
240,2013-05-20,ARLOANHH,,,,20447,10115,3,,73,1,,H38,7
241,2013-05-20,LOLOARAN,,,,20430,10206,2,,54,1,,H38,2
242,2013-05-21,LOLOARAN,,,,20430,10201,3,,56,1,,H38,2
243,2013-05-21,ARLOANHH,,,,20471,10103,2,,75,1,,H38,7
244,2013-05-21,ARLOARAN,,,,20437,10181,3,,75,1,,H38,3
245,2013-05-21,ARARLOAN,,,,20435,480,3,,80,1,,H38,4
246,2013-05-21,ARARLOAN,,,,20447,402,3,,83,1,,H38,5
247,2013-05-21,ARLOLOHH,,,,20447,414,2,,73,1,,H38,5
248,2013-05-21,ARLOANHH,,,,20472,10102,2,,84,1,,H38,7
249,2013-05-22,ARARLOAN,,,,20435,453,2,,75,1,,H38,4
250,2013-05-23,ARLOANAN,,,,20447,10086,2,,70,1,,H38,7
251,2013-05-24,ARARLOAN,,,,20435,457,2,,70,1,,H38,4
252,2013-05-24,ARLOANGV,,,,20471,10059,2,,84,1,,H38,9
253,2013-05-24,ARARLOLO,,,,20435,478,3,,89,1,,H38,4
254,2013-05-24,ARLOANAN,,,,20447,10096,2,,69,1,,H38,7
255,2013-05-25,ARARLOLO,,,,20447,417,3,,93,1,,H38,5
256,2013-05-25,ARLOANAN,,,,20437,10192,3,,77,1,,H38,3
257,2013-05-25,ARLOANHH,,,,20447,10156,3,,72,1,,H38,5
258,2013-05-25,ARLOANAN,,,,20437,10187,2,,64,1,,H38,3
259,2013-05-25,ARLOAN,,,,20437,10193,2,,70,1,,H38,3
260,2013-05-26,ARLOAN,,,,20447,10093,2,,69,1,,H38,7
261,2013-05-26,ARARLOAN,,,,20447,472,3,,93,1,,H38,4
262,2013-05-27,ARLOANAN,,,,20437,10191,2,,74,1,,H38,3
263,2013-05-29,ARARLOAN,,,,20435,424,3,,85,1,,H38,5
264,2013-05-29,ARLOANAN,,,,20472,10119,3,,110,1,,H38,7
265,2013-05-29,ARARLOAN,,,,20447,403,2,,75,1,,H38,5
266,2013-05-29,LO,,,,20430,10216,3,,65,1,,H38,2
267,2013-05-29,ARLOANAN,,,,20447,10118,2,,110,1,,H38,7
268,2013-05-30,ARARANAN,,,,20447,10176,2,,85,1,,H38,4
269,2013-05-30,ARARLOAN,,,,20435,461,2,,74,1,,H38,4
270,2013-06-02,ARLOHHAR,,,,20447,420,3,,86,1,,H38,5
271,2013-06-03,ARLOANAN,,,,20437,10186,2,,72,1,,H38,3
272,2013-06-03,ARARLOAN,,,,20435,434,2,,90,1,,H38,5
273,2013-06-03,ARLOARHH,,,,20472,10095,3,,100,1,,H38,7
274,2013-06-03,ARLOARHH,,,,20437,10182,2,,71,1,,H38,3
275,2013-06-07,LOLOARAN,,,,20430,10205,2,,65,1,,H38,2
276,2013-06-06,ARANLOAN,,,,20435,463,3,,96,1,,H38,4
277,2013-06-07,ARANLOHH,,,,20435,456,2,,75,1,,H38,4
278,2013-06-09,ARLOARAN,,,,20435,10131,2,,83,1,,H38,5
279,2013-05-03,LO,,,,20430,10215,2,,50,1,,H38,2
280,2013-06-06,LO,,,,20430,10211,3,,80,1,,H38,2
281,2014-04-27,LMLOARAN,,,,20429,10198,2,,65,1,,H38,3
282,2014-04-28,ARARLOLO,,,,20437,417,2,,76,1,,H38,6
283,2014-04-30,ARLOANGV,,,,20473,10059,3,,85,1,,H38,10
284,2014-05-01,ARLOANAN,,,,20425,10096,2,,80,1,,H38,8
285,2014-05-01,ARLOANAN,,,,20473,10188,2,,78,1,,H38,4
286,2014-05-04,ARLOARAN,,,,20425,10134,3,,81,1,,H38,6
287,2014-05-05,ARARLOAN,,,,20437,402,3,,66,1,,H38,6
288,2014-05-06,ARLOANHH,,,,20447,10138,2,,75,1,,H38,6
289,2014-05-06,ARLOARAN,,,,20437,10181,2,,75,1,,H38,4
290,2014-05-06,ARLOHHAR,,,,20437,372,2,,49,1,,H38,8
291,2014-05-07,ARARLOAN,,,,20437,453,2,,65,1,,H38,5
292,2014-05-07,LOLOSHAN,,,,20430,10221,3,,62,1,,H38,2
293,2014-05-07,LMLOARAN,,,,20429,10197,3,,76,1,,H38,3
294,2014-05-09,LMLO,,,,20429,10212,2,,80,1,,H38,3
295,2014-05-09,LOLOANAR,,,,20430,10218,2,,55,1,,H38,2
296,2014-05-09,ARARLOAN,,,,20447,472,2,,75,1,,H38,5
297,2014-05-09,ARARLOAN,,,,20425,466,2,,74,1,,H38,5
298,2014-05-10,ARLOLOHH,,,,20437,414,3,,76,1,,H38,6
299,2014-05-10,ARLOARAN,,,,20437,10129,3,,93,1,,H38,6
300,2014-05-10,ARLOANHH,,,,20437,10102,3,,75,1,,H38,8
301,2014-05-10,ARLOHHAR,,,,20473,420,2,,87,1,,H38,6
302,2014-05-11,LMLO,,,,20429,10214,3,,74,1,,H38,3
303,2014-05-11,ARLOANAN,,,,20473,10192,3,,89,1,,H38,4
304,2014-05-12,ARLOANHH,,,,20437,10115,3,,70,1,,H38,8
305,2014-05-12,ARLOANAN,,,,20437,10184,2,,60,1,,H38,4
306,2014-05-12,ARLOAN,,,,20473,10093,2,,84,1,,H38,8
307,2014-05-12,LMLO,,,,20429,10213,3,,96,1,,H38,3
308,2014-05-13,LOLOARGV,,,,20430,10222,3,,65,1,,H38,2
309,2014-05-13,ARLOLOHH,,,,20437,373,3,,72,1,,H38,8
310,2014-05-14,LMLO,,,,20429,10216,3,,85,1,,H38,3
311,2014-05-14,LMANLOHH,,,,20429,456,3,,82,1,,H38,5
312,2014-05-14,ARLOANAN,,,,20437,10187,2,,65,1,,H38,4
313,2014-05-15,ARLOAN,,,,20447,10088,3,,89,1,,H38,8
314,2014-05-15,ARLOANAN,,,,20447,10195,2,,85,1,,H38,4
315,2014-05-15,LOLOARGV,,,,20430,10220,2,,60,1,,H38,2
316,2014-05-16,ARLOANAR,,,,20437,10180,3,,75,1,,H38,4
317,2014-05-16,ARLOANHH,,,,20437,10142,2,,65,1,,H38,6
318,2014-05-17,LMLO,,,,20429,10210,3,,74,1,,H38,3
319,2014-05-17,LOLOANGV,,,,20430,10217,3,,69,1,,H38,2
320,2014-05-18,ARARLOAN,,,,20437,461,2,,70,1,,H38,5
321,2014-05-19,ARLOANHH,,,,20473,10104,2,,83,1,,H38,8
322,2014-05-19,ARLOAN,,,,20447,10111,3,,81,1,,H38,8
323,2014-05-20,ARARLOAN,,,,20447,403,2,,85,1,,H38,6
324,2014-05-20,ARLOANHH,,,,20437,10139,3,,95,1,,H38,6
325,2014-05-21,ARARLOAN,,,,20447,480,2,,95,1,,H38,5
326,2014-05-21,LMANLOAN,,,,20429,463,2,,115,1,,H38,5
327,2014-05-22,ARARLOAN,,,,20437,424,3,,66,1,,H38,6
328,2014-05-24,ARARLOAN,,,,20473,457,2,,90,1,,H38,5
329,2014-05-25,ARLOLOAN,,,,20447,375,2,,80,1,,H38,8
330,2014-05-25,ARLOANAN,,,,20447,10196,3,,97,1,,H38,4
331,2014-05-25,ARANARHH,,,,20473,10163,2,,84,1,,H38,5
332,2014-05-26,LMLO,,,,20429,10209,3,,80,1,,H38,3
333,2014-05-27,ARLOANMX,,,,20447,10183,3,,82,1,,H38,4
334,2014-05-28,ARARANAN,,,,20447,10176,3,,114,1,,H38,5
335,2014-05-28,ARLOANAN,,,,20437,10118,3,,93,1,,H38,8
336,2014-05-28,ARLOANAN,,,,20425,10186,2,,92,1,,H38,4
337,2014-05-28,ARLOANSM,,,,20437,10185,3,,82,1,,H38,4
338,2014-05-28,ARLOANAN,,,,20447,10157,2,,115,1,,H38,6
339,2014-05-28,ARLOANHH,,,,20447,10156,3,,91,1,,H38,6
340,2014-05-28,ARARLOAN,,,,20447,448,2,,67,1,,H38,5
341,2014-05-29,ARARLOAN,,,,20447,400,2,,68,1,,H38,6
342,2014-05-31,ARLOARHH,,,,20437,10095,3,,80,1,,H38,8
343,2014-06-01,LMLOARHH,,,,20429,10199,3,,75,1,,H38,3
344,2014-06-01,ARLOANHH,,,,20447,10108,3,,85,1,,H38,8
345,2014-06-03,LMLOARAN,,,,20429,10204,3,,83,1,,H38,3
346,2014-06-03,ARLOANAN,,,,20447,10119,3,,95,1,,H38,8
347,2014-06-04,LMLOANAR,,,,20429,10202,2,,71,1,,H38,3
348,2014-06-04,LMLOARAN,,,,20429,10201,2,,61,1,,H38,3
349,2014-06-04,ARLOANAN,,,,20437,10194,2,,72,1,,H38,4
350,2014-06-05,ARLOANAN,,,,20447,10191,2,,110,1,,H38,4
351,2014-06-05,ARARLOLO,,,,20425,478,2,,87,1,,H38,5
352,2014-06-08,LMLOARAN,,,,20429,10206,2,,57,1,,H38,3
353,2014-06-11,ARLOANAN,,,,20447,10086,3,,90,1,,H38,8
354,2014-06-12,ARARLOAN,,,,20447,434,3,,95,1,,H38,6
355,2014-06-15,ARLOARAN,,,,20425,10203,3,,77,1,,H38,3
356,2014-06-15,ARLOANHH,,,,20425,10200,2,,66,1,,H38,3
357,2014-06-16,LOLOSHAR,,,,20430,10219,3,,63,1,,H38,2
358,2014-06-16,ARARLOAN,,,,20447,471,3,,97,1,,H38,5
359,2014-06-17,ARLOARAN,,,,20425,10205,3,,75,1,,H38,3
360,2014-06-23,ARLOANHH,,,,20447,10103,2,,78,1,,H38,8
361,2014-04-02,ARLOAN,,,,20425,10193,0,,30,1,,H38,4
362,2014-04-28,ARLOANAN,,,,20437,10113,2,,62,1,,H38,8
363,2014-05-25,ARLOARHH,,,,20447,10182,3,,99,1,,H38,4
364,1990-03-07,CH,,,,20205,0,2,,86,,,H38,7
365,1990-04-24,CH,,,,20205,0,2,,90,,,H38,7
366,1990-04-16,CH,,,,20203,0,2,,105,,,H38,6
367,2005-03-21,LOAN,,,9.85E+14,20087,10055,3,,52,1,,H38,2
368,2005-04-03,LOHHARHH,,,9.85E+14,20087,10056,3,,70,1,,H38,2
370,2006-03-23,LOLOANHH,,,9.99E+14,20087,10062,3,,60,1,,H38,2
371,2006-03-26,LOLOANAN,,,9.99E+14,20087,10060,3,,54,1,,H38,2
374,2006-03-28,LOLOANGV,,,9.99E+14,20087,10059,3,,80,1,,H38,2
376,2006-03-31,LOANARHH,,,9.99E+14,20087,10057,3,,82,1,,H38,3
378,2006-04-10,LOLOAN,,,9.99E+14,20087,10061,3,,88,1,,H38,2
379,2007-03-15,LOLOANAN,,,,20087,10072,3,,58,1,,H38,2
380,2007-03-15,LOLOANAN,,,9.49E+14,20087,10060,3,,70,1,,H38,3
381,2007-03-17,LOLOANAR,,,9.49E+14,20087,369,2,,70,1,,H38,2
382,2007-03-17,LOLOANHH,,,9.49E+14,20087,10062,2,,68,1,,H38,3
383,2007-03-25,LOANARHH,,,9.49E+14,20087,10057,2,,72,1,,H38,4
384,2007-03-27,LOLOHH,,,9.49E+14,20087,10070,3,,72,3,,H38,2
385,2007-03-28,LOAN,,,9.49E+14,20087,10055,2,,62,1,,H38,4
386,2007-03-28,LOLOANAR,,,9.49E+14,20087,10063,2,,58,1,,H38,3
387,2007-03-29,LOLOANHH,,,,20087,10069,3,,70,1,,H38,2
388,2007-03-29,LOLOANGV,,,9.49E+14,20087,10059,3,,80,1,,H38,3
389,2007-03-30,LOHHARHH,,,9.49E+14,20087,10056,3,,69,1,,H38,4
390,2007-04-01,LOLOAN,,,9.49E+14,20087,10061,2,,62,1,,H38,3
391,2007-04-02,LOLOANHH,,,9.49E+14,20087,10078,2,,74,1,,H38,2
392,2007-04-07,LOLOHHAN,,,9.49E+14,20087,10064,3,,72,1,,H38,3
393,2007-05-07,LOLOANHH,,,,20087,10074,3,,72,1,,H38,2
394,2007-05-11,LOLOHHHH,,,9.49E+14,20087,10077,2,,52,1,,H38,2
397,2008-03-19,ARLOANAN,,,9.49E+14,20360,10106,2,,56,1,,H38,2
399,2008-03-20,LOLOANAR,,,9.49E+14,20087,369,2,,62,1,,H38,3
404,2008-03-25,ARLOANAN,,,9.49E+14,20360,10101,3,,72,1,,H38,2
405,2008-03-25,ARLOANHH,,,9.49E+14,20360,10104,3,,64,1,,H38,2
410,2008-03-28,LOLOHH,,,9.49E+14,20087,10070,2,,70,1,,H38,3
411,2008-03-28,LOLOANHH,,,9.49E+14,20087,10062,3,,86,1,,H38,4
412,2008-03-29,ARLOANAN,,,9.49E+14,20360,10086,2,,64,1,,H38,2
413,2008-03-30,ARLOANAN,,,9.49E+14,20360,10118,3,,70,1,,H38,2
415,2008-04-02,ARLOARHP,,,9.49E+14,20360,10097,2,,71,1,,H38,2
416,2008-04-03,LOLOHHHH,,,9.49E+14,20087,10077,3,,67,1,,H38,3
418,2008-04-06,ARLOANAR,,,9.49E+14,20360,10110,3,,70,1,,H38,2
419,2008-04-07,ARLOHHHH,,,,20360,10084,2,,79,1,,H38,2
421,2008-04-07,LOLOANHH,,,9.49E+14,20087,10074,2,,68,1,,H38,3
423,2008-04-09,ARLOANAN,,,,20360,10109,2,,64,1,,H38,2
425,2008-04-16,ARLOARHH,,,,20360,10095,3,,88,3,,H38,2
427,2008-04-17,ARLOANHH,,,9.49E+14,20360,10102,3,,74,1,,H38,2
428,2008-04-17,ARLOANAN,,,9.49E+14,20360,10119,2,,74,1,,H38,2
430,2008-04-19,ARLOANHH,,,9.49E+14,20360,10099,3,,54,1,,H38,2
431,2008-04-19,LOLOAN,,,9.49E+14,20087,10061,3,,88,1,,H38,4
432,2008-04-20,ARLOANAN,,,9.49E+14,20360,10096,3,,64,1,,H38,2
433,2008-04-20,ARLOAN,,,9.49E+14,20360,10093,3,,66,1,,H38,2
435,2008-04-27,ARLOANHH,,,,20360,10116,3,,82,5,,H38,2
436,2008-04-30,ARLOANHH,,,9.49E+14,20360,10082,3,,70,1,,H38,2
437,2008-05-01,ARLOANAN,,,,20360,10091,2,,58,1,,H38,2
438,2008-05-05,ARLOLOAN,,,9.49E+14,20360,375,3,,60,1,,H38,2
440,2008-05-12,ARLOANHH,,,9.49E+14,20360,10108,3,,62,1,,H38,2
441,2008-05-14,ARLOAN,,,9.49E+14,20360,10092,2,,72,1,,H38,2
442,2008-05-16,ARLOANHH,,,9.49E+14,20360,10103,3,,60,1,,H38,2
443,2008-03-06,LOANHP,,,,20423,10089,0,,0,1,,H38,2
444,2008-03-05,LOANAR,,,,20423,10090,0,,0,1,,H38,2
445,2009-03-20,ARLOANHH,,,,20360,10115,3,,64,1,,H38,3
446,2009-03-22,ANLOANHH,,,,20139,10062,3,,64,1,,H38,5
447,2009-03-22,ARLOLOAN,,,,20360,375,2,,54,1,,H38,3
449,2009-03-23,AN,,,,20139,10055,2,,65,1,,H38,6
450,2009-03-23,SHHHARHH,,,,20431,10056,3,,54,1,,H38,6
451,2009-03-23,ARLOAN,,,,20360,10107,3,,62,1,,H38,3
454,2009-03-26,ARLOHHAR,,,,20360,372,2,,50,1,,H38,3
455,2009-03-26,ARLOANAN,,,,20425,10113,3,,56,1,,H38,3
458,2009-03-28,ARLOANHH,,,,20360,10116,3,,76,1,,H38,3
459,2009-03-31,ARLOANAN,,,,20425,10109,3,,82,1,,H38,3
460,2009-03-31,ARLOANAR,,,,20360,10110,3,,80,1,,H38,3
462,2009-04-01,ARLOANHH,,,,20360,10098,3,,82,1,,H38,3
464,2009-04-01,ARLOANHH,,,,20360,10108,3,,92,1,,H38,3
465,2009-04-01,ANLOHHAN,,,,20139,10064,3,,90,1,,H38,5
468,2009-04-04,ARLOAN,,,,20360,10117,3,,60,3,,H38,3
469,2009-04-07,ARLOANAN,,,,20360,10118,3,,90,1,,H38,3
473,2009-04-09,ARLOHHHH,,,,20361,10077,3,,60,1,,H38,4
474,2009-04-10,ARLOAN,,,,20360,10093,3,,72,1,,H38,3
476,2009-04-13,ARLOAN,,,,20360,377,3,,50,1,,H38,3
477,2009-04-15,ARLOANAR,,,,20363,10063,3,,76,1,,H38,5
481,2009-04-19,ARLOARHH,,,,20360,10095,3,,90,1,,H38,3
482,2009-04-21,ARANARHH,,,,20355,10057,3,,82,1,,H38,6
483,2009-04-25,ARLOANHH,,,,20360,10103,3,,62,1,,H38,3
484,2009-04-28,ARLOANAN,,,,20425,10114,3,,64,1,,H38,3
486,2009-05-18,LOANANAN,,,,20423,10106,0,,0,1,,H38,3
487,2010-02-23,ARLOAN,,,9.99E+14,20425,10141,2,,72,1,,H38,2
488,2010-02-28,ARLOAN,,,9.82E+14,20425,408,3,,67,1,,H38,2
489,2010-03-01,ARARLOHH,,,9.82E+14,20425,406,3,,79,1,,H38,2
490,2010-03-01,ARLOARAN,,,9.99E+14,20425,10129,2,,66,1,,H38,2
491,2010-03-01,ARARLOAN,,,9.99E+14,20425,402,2,,72,1,,H38,2
492,2010-03-03,ARLOARHH,,,9.99E+14,20425,10124,2,,74,1,,H38,2
493,2010-03-03,ARLOLOAN,,,9.82E+14,20425,398,3,,75,1,,H38,2
494,2010-03-04,ARLOANHH,,,9.82E+14,20425,10142,3,,80,1,,H38,2
495,2010-03-05,ARLOHHAR,,,9.82E+14,20425,420,1,,75,5,,H38,2
496,2010-03-05,ARARLOAN,,,9.99E+14,20425,424,2,,62,1,,H38,2
497,2010-03-05,ARARLOAN,,,9.99E+14,20425,400,2,,59,1,,H38,2
498,2010-03-05,ARARLOAN,,,9.99E+14,20425,403,2,,55,1,,H38,2
499,2010-03-07,ARLOANAN,,,9.99E+14,20425,10157,2,,55,1,,H38,2
500,2010-03-07,ARLOAN,,,9.82E+14,20425,10149,1,,76,1,,H38,2
501,2010-03-08,ARARLOAN,,,9.99E+14,20425,422,2,,86,1,,H38,2
502,2010-03-08,ARARLOAN,,,,20425,429,2,,50,1,,H38,2
503,2010-03-10,ARLOANHH,,,9.99E+14,20425,10078,2,,78,1,,H38,5
504,2010-03-11,ARLOANHH,,,9.99E+14,20436,10115,2,,86,1,,H38,4
505,2010-03-12,ARLOANAN,,,9.82E+14,20425,10126,3,,80,1,,H38,2
506,2010-03-12,ARLOANHH,,,9.99E+14,20425,10139,1,,62,1,,H38,2
507,2010-03-13,ARLOANAR,,,9.82E+14,20425,396,3,,56,1,,H38,2
508,2010-03-13,ARLOANHH,,,9.99E+14,20440,10062,2,,84,1,,H38,6
509,2010-03-13,ARLOANHP,,,9.82E+14,20425,10153,3,,70,5,,H38,2
510,2010-03-14,ARLOANAR,,,9.82E+14,20436,10057,1,,74,1,,H38,7
511,2010-03-14,ARLOANHH,,,9.99E+14,20425,10116,2,,72,1,,H38,4
512,2010-03-14,ARLOANAN,,,9.99E+14,20425,10109,2,,66,1,,H38,4
513,2010-03-15,ARLOANAR,,,9.99E+14,20425,10063,2,,65,1,,H38,6
514,2010-03-15,ARLOANAN,,,9.82E+14,20425,10144,3,,68,1,,H38,2
515,2010-03-15,ARLOLOAN,,,9.99E+14,20425,395,2,,50,1,,H38,2
516,2010-03-16,ARLOANAN,,,9.99E+14,20425,10101,2,,72,1,,H38,4
517,2010-03-18,ARLOANHH,,,9.99E+14,20425,10156,2,,70,1,,H38,2
518,2010-03-18,ARLOANGV,,,9.82E+14,20425,10059,3,,70,1,,H38,6
519,2010-03-18,ARLOANHH,,,9.99E+14,20425,10082,1,,86,1,,H38,4
520,2010-03-18,ARLOANAN,,,9.82E+14,20425,10096,1,,74,1,,H38,4
521,2010-03-19,ARLOAN,,,9.82E+14,20441,10055,1,,68,1,,H38,7
522,2010-03-19,ARLOAN,,,9.99E+14,20425,10093,2,,66,1,,H38,4
523,2010-03-19,ARLOAN,,,9.99E+14,20425,10107,2,,58,1,,H38,4
524,2010-03-20,ARLOAN,,,9.99E+14,20436,10117,2,,75,1,,H38,4
525,2010-03-20,ARLOARHH,,,9.82E+14,20425,10130,3,,90,3,,H38,2
526,2010-03-21,ARLOANHH,,,9.82E+14,20436,10104,1,,90,1,,H38,4
527,2010-03-23,ARLOARHH,,,9.99E+14,20436,10056,2,,80,1,,H38,7
528,2010-03-25,LOLOHHAR,,,9.82E+14,20430,372,3,,62,1,,H38,4
529,2010-03-26,ARLOANAN,,,9.99E+14,20436,10113,2,,78,1,,H38,4
530,2010-03-26,ARLOARAN,,,9.82E+14,20425,10131,3,,70,1,,H38,2
531,2010-03-27,ARLOLOAN,,,9.82E+14,20436,375,1,,76,1,,H38,4
532,2010-03-27,ARLOANHH,,,9.82E+14,20425,10138,3,,82,1,,H38,2
533,2010-03-28,ARLOARHH,,,9.82E+14,20436,10095,1,,85,1,,H38,4
534,2010-03-29,ARLOANHH,,,9.82E+14,20436,10074,3,,80,1,,H38,5
535,2010-03-29,ARLOANHH,,,9.82E+14,20436,10102,3,,85,1,,H38,4
536,2010-03-30,ARLOANHH,,,9.99E+14,20436,10105,2,,82,1,,H38,4
537,2010-03-30,ARLOANAN,,,9.82E+14,20440,10119,1,,86,1,,H38,4
538,2010-03-31,ARARLOAN,,,9.99E+14,20425,439,2,,44,1,,H38,2
539,2010-03-31,ARLOANAN,,,9.99E+14,20436,10114,2,,68,1,,H38,4
540,2010-04-02,ARARLOAN,,,9.99E+14,20425,434,2,,86,1,,H38,2
541,2010-04-03,ARLOLOHH,,,9.99E+14,20440,373,2,,80,1,,H38,4
542,2010-04-03,ARLOANHH,,,9.99E+14,20436,10103,2,,70,1,,H38,4
543,2010-04-04,ARARLOLO,,,9.82E+14,20425,417,1,,72,1,,H38,2
544,2010-04-05,ARLOHHHH,,,9.82E+14,20425,10077,3,,47,1,,H38,5
545,2010-04-07,ARLOANHH,,,9.82E+14,20425,10108,1,,75,1,,H38,4
546,2010-04-08,ARLOLOAN,,,9.99E+14,20425,401,2,,62,1,,H38,2
547,2010-04-10,LOLOANAN,,,9.82E+14,20430,10106,3,,68,1,,H38,4
548,2010-04-12,ARLOARAN,,,9.82E+14,20425,10134,3,,75,1,,H38,2
549,2010-04-12,ARLOHH,,,9.99E+14,20425,10070,2,,80,1,,H38,5
550,2010-04-13,ARLOANHH,,,9.99E+14,20425,10098,2,,80,1,,H38,4
551,2010-04-14,ARLOHHAN,,,9.99E+14,20425,10064,2,,84,1,,H38,6
552,2010-04-19,ARLOAN,,,9.82E+14,20425,10111,3,,84,1,,H38,4
553,2010-05-02,ARLOAN,,,9.99E+14,20436,10088,2,,72,1,,H38,4
554,2010-05-08,ARLOANAN,,,9.99E+14,20436,10118,2,,92,1,,H38,4
555,2010-01-30,ARLOANAR,,,,20425,10150,0,,0,1,,H38,2
556,2010-03-25,ARARLOAN,,,,20425,407,3,,60,4,,H38,2
557,2010-04-03,ARLOAN,,,,20436,10061,2,,80,1,,H38,6
558,2010-05-18,ARLOANHH,,,,20423,426,0,,0,1,,H38,2
559,2010-05-18,LOANANGV,,,,20423,10086,0,,0,1,,H38,4
560,2010-01-30,ARLOLOHH,,,,20425,414,0,,0,1,,H38,2
561,2010-03-14,ARLOANAR,,,,20425,10148,2,,74,1,,H38,2
562,2010-03-21,ARLOLOAN,,,,20425,409,2,,60,1,,H38,2
563,2011-02-27,ARARLOAN,,,9.82E+14,20083,471,2,,58,1,,H38,2
564,2011-02-28,ARARLOAN,,,9.82E+14,20083,480,3,,94,3,,H38,2
565,2011-03-01,ARARLOAN,,,9.82E+14,20083,448,2,,62,1,,H38,2
566,2011-03-02,ARANLOAN,,,9.82E+14,20083,463,3,,62,1,,H38,2
567,2011-03-02,ARLOANAN,,,9.82E+14,20425,10096,3,,81,1,,H38,5
568,2011-03-03,ARARLOLO,,,9.82E+14,20083,478,2,,80,1,,H38,2
569,2011-03-03,ARARANAN,,,9.82E+14,20083,10176,3,,68,5,,H38,2
570,2011-03-04,ARANARHP,,,9.82E+14,20083,10167,2,,62,1,,H38,2
571,2011-03-04,ARARLOAN,,,9.82E+14,20083,453,2,,72,1,,H38,2
572,2011-03-05,ARLOARHH,,,9.82E+14,20425,10130,3,,82,1,,H38,3
573,2011-03-05,ARARLOAN,,,9.82E+14,20083,461,2,,80,1,,H38,2
574,2011-03-05,ARLOARAN,,,9.82E+14,20425,10129,2,,62,1,,H38,3
575,2011-03-05,ARLOHHAR,,,9.82E+14,20425,372,2,,48,1,,H38,5
576,2011-03-06,ARLOANHH,,,9.82E+14,20447,10138,2,,70,1,,H38,3
577,2011-03-07,ARARLOAN,,,9.82E+14,20083,472,3,,68,1,,H38,2
578,2011-03-08,ARANARHH,,,9.82E+14,20083,10163,3,,80,1,,H38,2
579,2011-03-08,ARARLOAN,,,9.82E+14,20425,422,2,,54,1,,H38,3
580,2011-03-08,LOLOAN,,,9.82E+14,20133,10088,2,,68,1,,H38,5
581,2011-03-10,LOARLOAN,,,9.82E+14,20133,426,2,,60,1,,H38,3
582,2011-03-10,LOLOLOAN,,,9.82E+14,20133,409,2,,68,1,,H38,3
583,2011-03-11,ARAN,,,9.82E+14,20447,10055,3,,78,1,,H38,8
584,2011-03-11,ARARLOAN,,,9.82E+14,20425,424,2,,60,1,,H38,3
585,2011-03-11,ARLOLOAN,,,9.82E+14,20425,395,2,,58,1,,H38,3
586,2011-03-11,ARLOAN,,,9.82E+14,20425,10141,2,,70,1,,H38,3
587,2011-03-11,ARLOANHH,,,9.82E+14,20425,10104,3,,80,1,,H38,5
588,2011-03-12,ARARLOAN,,,9.82E+14,20425,400,2,,62,1,,H38,3
589,2011-03-13,ARLOLOHH,,,9.82E+14,20425,373,2,,64,1,,H38,5
590,2011-03-13,ARLOANHH,,,9.82E+14,20425,10082,3,,68,1,,H38,5
591,2011-03-14,LOARLOAN,,,9.82E+14,20430,479,2,,52,1,,H38,2
592,2011-03-14,ARLOANHH,,,9.82E+14,20425,10102,3,,70,1,,H38,5
593,2011-03-14,LOLOANAN,,,9.82E+14,20133,10086,3,,80,1,,H38,5
594,2011-03-14,ARLOLOAN,,,9.82E+14,20425,375,2,,70,1,,H38,5
595,2011-03-14,ARHHARHH,,,9.82E+14,20425,10056,3,,60,1,,H38,8
596,2011-03-15,LOARLOAN,,,9.82E+14,20430,485,2,,56,1,,H38,2
597,2011-03-16,LOLOLOHH,,,9.82E+14,20133,414,3,,70,1,,H38,3
598,2011-03-16,ARLOHHHH,,,9.82E+14,20425,10077,2,,62,1,,H38,6
599,2011-03-16,ARARLOAN,,,9.82E+14,20425,402,2,,62,1,,H38,3
600,2011-03-16,ARLOANAN,,,,20425,10106,2,,61,1,,H38,5
601,2011-03-17,ARLOANAR,,,9.82E+14,20425,10063,2,,60,1,,H38,7
602,2011-03-17,ARLOANHH,,,9.82E+14,20425,10116,3,,68,1,,H38,5
603,2011-03-17,ARLOANHH,,,9.82E+14,20425,10142,3,,76,1,,H38,3
604,2011-03-17,ARLOANAN,,,9.82E+14,20447,10113,2,,70,1,,H38,5
605,2011-03-17,ARLOHHAR,,,9.82E+14,20437,420,3,,68,1,,H38,3
606,2011-03-17,ARLOAN,,,9.82E+14,20425,10111,2,,74,1,,H38,5
607,2011-03-18,ARLOAN,,,9.82E+14,20437,10093,3,,66,1,,H38,5
608,2011-03-18,LOLOANHH,,,9.82E+14,20283,10062,1,,59,1,,H38,7
609,2011-03-18,LOARLOAN,,,9.82E+14,20133,407,3,,60,1,,H38,3
610,2011-03-19,ARLOANHH,,,9.82E+14,20425,10103,3,,62,1,,H38,5
611,2011-03-19,ARLOANAN,,,9.82E+14,20425,10119,3,,78,1,,H38,5
612,2011-03-19,ARLOARHH,,,9.82E+14,20425,10095,2,,62,1,,H38,5
613,2011-03-19,ARLOANHH,,,9.82E+14,20425,10156,3,,68,1,,H38,3
614,2011-03-20,LOARLOAN,,,9.82E+14,20430,467,2,,60,1,,H38,2
615,2011-03-20,ARLOANAN,,,9.82E+14,20437,10157,2,,61,1,,H38,3
616,2011-03-22,LOARLOAN,,,9.82E+14,20430,475,2,,54,1,,H38,2
617,2011-03-22,ARLOARAN,,,9.82E+14,20437,10131,2,,52,1,,H38,3
618,2011-03-24,ARANARHH,,,9.82E+14,20425,10057,3,,74,1,,H38,8
619,2011-03-25,ARLOANHH,,,9.82E+14,20447,10078,2,,84,1,,H38,6
620,2011-03-26,LOARLOAN,,,9.82E+14,20430,457,3,,70,1,,H38,2
621,2011-03-29,ARLOANHH,,,9.82E+14,20425,10139,2,,78,1,,H38,3
622,2011-03-30,ARLOARHH,,,9.82E+14,20425,10124,3,,68,1,,H38,3
623,2011-03-31,ARLOANHH,,,9.82E+14,20425,10098,3,,68,1,,H38,5
624,2011-04-01,ARLOHH,,,9.82E+14,20425,10070,2,,70,1,,H38,6
625,2011-04-02,ARARLOLO,,,9.82E+14,20447,417,2,,78,1,,H38,3
626,2011-04-03,ARLOANHH,,,9.82E+14,20425,10108,3,,70,1,,H38,5
627,2011-04-04,LOLOANAN,,,9.82E+14,20133,10118,3,,82,1,,H38,5
628,2011-04-04,LOARLOAN,,,,20430,452,3,,70,1,,H38,2
629,2011-04-04,LOLOANAN,,,9.82E+14,20133,10114,3,,64,1,,H38,5
630,2011-04-02,ARARLOAN,,,9.82E+14,20447,403,2,,70,1,,H38,3
631,2011-04-05,LOLOANAR,,,,20133,10148,3,,82,1,,H38,3
632,2011-04-07,ARLOAN,,,9.82E+14,20425,10117,3,,62,1,,H38,5
633,2011-04-08,LOANLOHH,,,9.82E+14,20430,456,3,,70,1,,H38,2
634,2011-04-09,ARLOANHH,,,9.82E+14,20425,10115,3,,78,1,,H38,5
635,2011-04-11,ARARLOAN,,,,20425,434,2,,56,1,,H38,3
636,2011-04-13,LOLOANGV,,,9.82E+14,20283,10059,1,,74,1,,H38,7
637,2011-04-16,LOARLOAN,,,9.82E+14,20430,466,3,,65,1,,H38,2
638,2011-04-17,ARLOARAN,,,9.82E+14,20425,10134,2,,70,1,,H38,3
639,2011-03-06,ARLOLOAN,,,,20425,401,2,,64,1,,H38,3
640,2011-03-10,ARARLOAN,,,,20425,439,2,,44,1,,H38,3
641,2011-03-11,ARARLOHH,,,,20425,406,3,,72,1,,H38,3
642,2011-03-11,LOARLOAN,,,,20430,470,2,,52,1,,H38,2
643,2011-02-22,ARLOAN,,,,20447,408,2,,54,1,,H38,3
644,2011-04-04,LOLOANAR,,,,20133,10150,2,,68,1,,H38,3
645,2011-02-24,ARLOANAN,,,,20425,10126,0,,0,1,,H38,3
646,1990-03-15,HP,,,,20245,0,2,,84,,,H38,4
647,1990-03-15,HP,,,,20246,0,2,,90,,,H38,5
648,1990-03-16,HP,,,,20247,0,2,,92,,,H38,2
649,1990-03-16,HP,,,,20246,0,2,,74,,,H38,5
650,1990-03-20,HP,,,,20243,0,2,,80,,,H38,4
651,1990-03-21,HP,,,,20246,0,2,,94,,,H38,10
652,1990-03-22,HP,,,,20246,0,2,,112,,,H38,7
653,1990-03-24,HP,,,,20061,0,2,,80,,,H38,5
654,1990-03-24,HP,,,,20243,0,2,,62,,,H38,4
655,1990-03-26,HP,,,,20246,0,2,,100,,,H38,11
656,1990-03-26,HP,,,,20061,0,2,,92,,,H38,6
657,1990-03-26,HP,,,,20246,0,2,,94,,,H38,4
658,1990-03-27,HP,,,,20245,0,2,,80,,,H38,5
659,1990-03-29,HP,,,,20246,0,2,,102,,,H38,4
660,1990-04-09,HP,,,,20245,0,2,,82,,,H38,5
661,1990-04-21,HP,,,,20244,0,2,,84,,,H38,7
662,1990-04-29,HP,,,,20246,0,2,,96,,,H38,9
663,1990-05-04,HP,,,,20246,0,2,,78,,,H38,9
664,1990-05-15,HP,,,,20245,0,2,,90,,,H38,7
665,2012-05-01,ARLOAN,,,9.49E+14,20437,10088,3,,56,1,,H38,6
666,2012-05-07,ARLOLOAN,,,9.49E+14,531,10195,2,,50,1,,H38,2
667,2012-05-08,ARLOANHH,,,9.49E+14,20437,10138,2,,60,1,,H38,4
668,2012-05-12,ARARLOAN,,,,20437,479,3,,55,1,,H38,3
669,2012-05-15,ARLOLOAN,,,9.49E+14,20439,409,2,,60,1,,H38,4
670,2012-05-15,ARLOLOAN,,,9.49E+14,495,10196,3,,60,1,,H38,2
671,2012-05-16,ARLOANSM,,,9.49E+14,495,10185,3,,65,1,,H38,2
672,2012-05-16,ARLOARHH,,,9.49E+14,20437,10124,2,,65,1,,H38,4
673,2012-05-16,ARLOARAN,,,9.49E+14,20425,10134,3,,82,1,,H38,4
674,2012-05-16,ARLOANAN,,,9.49E+14,20437,10113,3,,68,1,,H38,6
675,2012-05-16,ARLOLOAN,,,9.49E+14,531,10193,2,,55,1,,H38,2
676,2012-05-17,ARLOAN,,,9.49E+14,20444,10141,2,,75,1,,H38,4
677,2012-05-17,ARARLOAN,,,9.49E+14,20439,403,3,,75,1,,H38,4
678,2012-05-17,ARARLOAN,,,9.49E+14,20425,485,3,,75,1,,H38,3
679,2012-05-18,ARLOARAN,,,9.49E+14,20425,10131,3,,77,1,,H38,4
680,2012-05-19,ARARLOLO,,,9.49E+14,20444,478,2,,80,1,,H38,3
681,2012-05-19,ANANARMX,,,9.49E+14,20424,10156,2,,55,1,,H38,4
682,2012-05-19,ARLOANHH,,,9.49E+14,20425,10082,2,,75,1,,H38,6
683,2012-05-19,ARLOANGV,,,9.49E+14,20439,10059,3,,75,1,,H38,8
684,2012-05-20,ARLOLOAN,,,9.49E+14,531,10187,2,,65,1,,H38,2
685,2012-05-20,ARARLOAN,,,9.49E+14,20437,422,2,,42,1,,H38,4
686,2012-05-20,ARANLOAN,,,9.49E+14,20437,463,2,,65,1,,H38,3
687,2012-05-20,ARLOHH,,,9.49E+14,20439,10070,2,,70,1,,H38,7
688,2012-05-21,ARLOLOAN,,,9.49E+14,495,10191,2,,55,1,,H38,2
689,2012-05-21,ARLOLOAN,,,9.49E+14,531,10194,2,,52,1,,H38,2
690,2012-05-21,ARARLOAN,,,9.49E+14,20439,472,2,,82,1,,H38,3
691,2012-05-21,ARLOARAN,,,9.49E+14,20439,10129,3,,85,1,,H38,4
692,2012-05-22,ARLOLOAN,,,9.49E+14,495,10183,2,,55,1,,H38,2
693,2012-05-22,ARLOANHH,,,9.49E+14,20444,10104,2,,80,1,,H38,6
694,2012-05-22,ARLOLOAN,,,9.49E+14,20439,375,2,,78,1,,H38,6
695,2012-05-23,ARLOAN,,,9.49E+14,20439,10111,2,,73,1,,H38,6
696,2012-05-24,ARARLOAN,,,9.49E+14,20439,480,2,,86,1,,H38,3
697,2012-05-24,ARARLOAN,,,9.49E+14,20439,424,2,,80,1,,H38,4
698,2012-05-25,ARLOLOAN,,,9.49E+14,495,10190,3,,70,1,,H38,2
699,2012-05-25,ARLOANAN,,,9.49E+14,20439,10086,2,,82,1,,H38,6
700,2012-05-25,ARARLOAN,,,9.49E+14,20437,461,3,,72,1,,H38,3
701,2012-05-25,ARLOANHH,,,9.49E+14,20437,10078,3,,75,1,,H38,7
702,2012-05-25,ARLOANHH,,,,20447,10115,3,,100,1,,H38,6
703,2012-05-25,ARLOHHAR,,,9.49E+14,20439,372,2,,72,1,,H38,6
704,2012-05-25,ARLOARHH,,,9.49E+14,20444,10056,2,,67,1,,H38,9
705,2012-05-26,ARLOLOAN,,,9.49E+14,531,10184,2,,63,1,,H38,2
706,2012-05-26,ARARLOAN,,,9.49E+14,20447,448,3,,90,1,,H38,3
707,2012-05-26,ARLOANHH,,,9.49E+14,20447,10142,3,,90,1,,H38,4
708,2012-05-27,ARANARHH,,,9.49E+14,20437,10163,3,,80,1,,H38,3
709,2012-05-28,ARLOLOAN,,,9.49E+14,521,10188,2,,75,1,,H38,2
710,2012-05-28,ARARLOAN,,,9.49E+14,20425,400,2,,60,1,,H38,4
711,2012-05-28,ARLOANHH,,,9.49E+14,20437,10103,2,,60,1,,H38,6
712,2012-05-29,ARLOLOAN,,,,495,10186,2,,75,1,,H38,2
713,2012-05-29,ARLOANHH,,,9.49E+14,20437,10108,3,,75,1,,H38,6
714,2012-05-29,ARARLOAN,,,9.49E+14,20439,457,3,,82,1,,H38,3
715,2012-05-29,ARLOHHAR,,,9.49E+14,20425,420,3,,75,1,,H38,4
716,2012-05-29,ARARLOAN,,,9.49E+14,20425,467,3,,80,3,,H38,3
717,2012-05-30,ARLOLOHH,,,9.49E+14,20439,373,3,,75,1,,H38,6
718,2012-05-30,ARLOANHH,,,9.49E+14,20437,10102,3,,72,1,,H38,6
719,2012-05-31,ARARLOAN,,,9.49E+14,20425,471,2,,82,1,,H38,3
720,2012-05-31,ARLOANAN,,,9.49E+14,20439,10118,2,,75,1,,H38,6
721,2012-06-01,ARLOLOAN,,,9.49E+14,521,10180,3,,60,1,,H38,2
722,2012-06-01,ARARLOAN,,,9.49E+14,20444,402,3,,85,1,,H38,4
723,2012-06-02,ARLOANAN,,,9.49E+14,20437,10157,2,,85,1,,H38,4
724,2012-06-02,ARLOLOAR,,,9.49E+14,531,10182,2,,75,1,,H38,2
725,2012-06-02,ARLOLOAR,,,9.49E+14,521,10181,3,,75,1,,H38,2
726,2012-06-02,ARLOANAR,,,9.49E+14,20437,10057,2,,60,1,,H38,9
727,2012-06-02,ARLOARHH,,,9.49E+14,20439,10095,3,,65,1,,H38,6
728,2012-06-04,ARLOANHH,,,9.49E+14,20447,10062,3,,75,1,,H38,8
729,2012-06-04,ARANLOHH,,,9.49E+14,20425,456,3,,82,1,,H38,3
730,2012-06-05,ARLOHHAN,,,9.49E+14,20439,10055,3,,75,1,,H38,9
731,2012-06-06,ARLOAN,,,9.49E+14,20439,10093,2,,80,1,,H38,6
732,2012-06-09,ARARLOAN,,,9.49E+14,20425,434,3,,85,1,,H38,4
733,2012-06-09,ARANARHP,,,9.49E+14,20425,10167,3,,80,1,,H38,3
734,2012-06-09,ARARANAN,,,9.49E+14,20437,10176,2,,70,1,,H38,3
735,2012-06-12,ARLOLOAN,,,9.49E+14,531,10192,2,,70,1,,H38,2
736,2012-06-12,ARLOANAN,,,9.49E+14,20447,10096,2,,72,1,,H38,6
737,2012-06-17,ARARLOAN,,,9.49E+14,20425,466,2,,58,1,,H38,3
738,2012-06-17,ARLOANHH,,,9.49E+14,20447,10139,2,,75,1,,H38,4
739,2012-06-23,ARARLOAN,,,9.49E+14,20439,453,3,,70,1,,H38,3
740,2012-06-24,ARLOANAN,,,9.49E+14,20439,10119,3,,80,1,,H38,6
741,2012-07-11,ARARLOLO,,,9.49E+14,20437,417,3,,70,1,,H38,4
742,2012-05-18,ARLOANHH,,,,20439,10156,2,,70,4,,H38,4
743,2012-05-25,ARLOLOAN,,,,531,10189,2,,70,4,,H38,2
744,2012-06-01,ARLOLOAR,,,,531,10182,3,,62,1,,H38,2
745,2012-06-08,ARLOLOHH,,,,20439,414,2,,80,1,,H38,4
746,2012-07-17,ARARLOAN,,,,20444,407,0,,0,0,,H38,4
